title,blog,url,date,excerpt,host,txt,asset,off,ruleish,noise
Dual Momentum Allocation Between Physical Gold and Bitcoin (Digital Gold),Quantpedia,https://quantpedia.com/dual-momentum-allocation-between-physical-gold-and-bitcoin-digital-gold/?a=6080,"6 May 2026, 09:36pm","From the trading desk to the portfolio committee, investors face a familiar question: how should alternative stores of value fit into a diversified portfolio? This research explores that question through a systematic dual-momentum framework comparing Bitcoin and physical gold in a rules-based",quantpedia.com,"Dual Momentum Allocation Between Physical Gold and Bitcoin (Digital Gold) || From the trading desk to the portfolio committee, investors face a familiar question: how should alternative stores of value fit into a diversified portfolio? This research explores that question through a systematic dual-momentum framework comparing Bitcoin and physical gold in a rules-based",5,0,3,0
Skewness/Lottery Trading Strategy in Cryptocurrencies,Quantpedia,https://quantpedia.com/skewness-lottery-trading-strategy-in-cryptocurrencies/?a=6080,"21 Jun 2022, 09:37pm","A recent spring 2022 crisis in the cryptocurrency market emphasized the importance of market-neutral crypto trading strategies. It’s not enough just to HODL crypto market and hope for the everlasting bull market. Therefore, we continue our series of research articles about the cryptocurrency",quantpedia.com,"Skewness/Lottery Trading Strategy in Cryptocurrencies || A recent spring 2022 crisis in the cryptocurrency market emphasized the importance of market-neutral crypto trading strategies. It’s not enough just to HODL crypto market and hope for the everlasting bull market. Therefore, we continue our series of research articles about the cryptocurrency",5,0,2,0
Trading the Spread: Bitcoin ETFs vs. Cryptocurrencies Infrastructure ETFs,Quantpedia,https://quantpedia.com/trading-the-spread-bitcoin-etfs-vs-cryptocurrencies-infrastructure-etfs/?a=6080,"19 Mar 2025, 09:48pm","In this study, we explore the application of simple spread trading strategies using Bitcoin ETFs and cryptocurrency infrastructure ETFs—two highly correlated asset classes due to the broader influence of cryptocurrency market movements. Given their strong relationship, this setup provides a",quantpedia.com,"Trading the Spread: Bitcoin ETFs vs. Cryptocurrencies Infrastructure ETFs || In this study, we explore the application of simple spread trading strategies using Bitcoin ETFs and cryptocurrency infrastructure ETFs—two highly correlated asset classes due to the broader influence of cryptocurrency market movements. Given their strong relationship, this setup provides a",5,0,1,0
"Bitcoin, Ethereum and Altcoins: How to get free daily and intraday Bitcoin historical prices",Sanz Prophet,http://sanzprophet.com/2017/08/getting-data-and-free-historical-prices-for-bitcoin-ethereum-and-altcoins/,"15 Aug 2017, 01:23am","In order to analyze and build ‘crypto’ based trading strategies we need to get historical data for Bitcoin and other ‘large-cap’ coins such as Ether, Ripple, Dash, Monero, etc. But also for up and coming coins such as Neo, Stratis, IOTA and many more. In this post I will point you to two",sanzprophet.com,"Bitcoin, Ethereum and Altcoins: How to get free daily and intraday Bitcoin historical prices || In order to analyze and build ‘crypto’ based trading strategies we need to get historical data for Bitcoin and other ‘large-cap’ coins such as Ether, Ripple, Dash, Monero, etc. But also for up and coming coins such as Neo, Stratis, IOTA and many more. In this post I will point you to two",5,0,1,0
Pattern matching Cryptocurrencies,Ennlightenment,https://ennlightenment.wordpress.com/2017/05/14/pattern-matching-cryptocurrencies/,"15 May 2017, 12:27pm","Bitcoin, Ethereum and some other cryptocurrencies seem to be in the spotlight again due to their most recent acceleration. C_y2pGfXoAApvdI Source: CEOTechnician Ethereum is up multiples since January. I thought we could take a look at importing Etherum price data in R and then seeing if we can draw",ennlightenment.wordpress.com,"Pattern matching Cryptocurrencies || Bitcoin, Ethereum and some other cryptocurrencies seem to be in the spotlight again due to their most recent acceleration. C_y2pGfXoAApvdI Source: CEOTechnician Ethereum is up multiples since January. I thought we could take a look at importing Etherum price data in R and then seeing if we can draw",5,0,1,0
New related paper to #5 - FX Carry Trade and #8 - FX Momentum,Quantpedia,http://quantpedia.com/Blog/Details/new-related-paper-to-5-fx-carry-trade-and-8-fx-momentum,"1 Apr 2015, 04:11am","#5 - FX Carry Trade #8 - FX Momentum Authors: Olszweski, Zhou Title: Strategy diversification: Combining momentum and carry strategies within a foreign exchange portfolio Link: http://apps.olin.wustl.edu/faculty/zhou/O_Z_JHDF_2014.pdf Abstract: Hedge funds, such as managed futures, typically use two",quantpedia.com,"New related paper to #5 - FX Carry Trade and #8 - FX Momentum || #5 - FX Carry Trade #8 - FX Momentum Authors: Olszweski, Zhou Title: Strategy diversification: Combining momentum and carry strategies within a foreign exchange portfolio Link: http://apps.olin.wustl.edu/faculty/zhou/O_Z_JHDF_2014.pdf Abstract: Hedge funds, such as managed futures, typically use two",4,0,5,0
"New related paper to FX strategies #5, #8 and #9 - A New Look at Currency Investing",Quantpedia,http://quantpedia.com/Blog/Details/new-related-paper-to-fx-strategies-5-8-and-9-a-new-look-at-currency-investing,"11 Mar 2015, 09:23am","Related research paper has been included into existing free strategy reviews. #5 - FX Carry Trade #8 - FX Momentum #9 - FX Value – PPP Strategy Authors: Pojarliev, Levich Title: A New Look at Currency Investing Link: http://papers.ssrn.com/sol3/papers.cfm?abstract_id=2571391 Abstract: The authors",quantpedia.com,"New related paper to FX strategies #5, #8 and #9 - A New Look at Currency Investing || Related research paper has been included into existing free strategy reviews. #5 - FX Carry Trade #8 - FX Momentum #9 - FX Value – PPP Strategy Authors: Pojarliev, Levich Title: A New Look at Currency Investing Link: http://papers.ssrn.com/sol3/papers.cfm?abstract_id=2571391 Abstract: The authors",4,0,4,0
"Daily Long/Short Trend Following: Parameters, Asset Classes, and Universe Depth",Delphic Alpha,https://delphicalpha.substack.com/p/daily-longshort-trend-following-parameters,"21 Jul 2026, 07:56pm","I ran the same trend-following strategy across futures, stocks, FX, and crypto. On futures it produced a net Sharpe of 0.73. Crypto came in at 0.56. US stocks barely broke even at 0.42. FX was marginal at 0.24. Same signal, same methodology, four very different outcomes. All four have near-zero",delphicalpha.substack.com,"Daily Long/Short Trend Following: Parameters, Asset Classes, and Universe Depth || I ran the same trend-following strategy across futures, stocks, FX, and crypto. On futures it produced a net Sharpe of 0.73. Crypto came in at 0.56. US stocks barely broke even at 0.42. FX was marginal at 0.24. Same signal, same methodology, four very different outcomes. All four have near-zero",4,0,3,0
Is The Russell Breakout Likely To Spark A Rally In The SPX?,Quantifiable Edges,http://quantifiableedges.com/is-the-russell-breakout-likely-to-spark-a-rally-in-the-spx/,"17 May 2018, 01:03pm","The new high in the Russell is notable, since it is the 1st major index to get there. But it does not necessarily mean the other indices will follow. In the study below I looked at SPX performance following instances of a fresh RUT breakout while SPX had still not broken out. 2018-05-17 Whether you",quantifiableedges.com,"Is The Russell Breakout Likely To Spark A Rally In The SPX? || The new high in the Russell is notable, since it is the 1st major index to get there. But it does not necessarily mean the other indices will follow. In the study below I looked at SPX performance following instances of a fresh RUT breakout while SPX had still not broken out. 2018-05-17 Whether you",4,0,2,0
Bitcoin ETFs in Conventional Multi-Asset Portfolios,Quantpedia,https://quantpedia.com/bitcoin-etfs-in-conventional-multi-asset-portfolios/?a=6080,"3 Sep 2025, 01:49am","Understanding how Bitcoin-related instruments can fit into traditional portfolios is increasingly relevant for investors. Some risk-averse investors do not like to hold cryptocurrencies in their portfolios strategically; however, they may be open to investing in crypto-linked assets on a tactical",quantpedia.com,"Bitcoin ETFs in Conventional Multi-Asset Portfolios || Understanding how Bitcoin-related instruments can fit into traditional portfolios is increasingly relevant for investors. Some risk-averse investors do not like to hold cryptocurrencies in their portfolios strategically; however, they may be open to investing in crypto-linked assets on a tactical",4,0,1,0
How To Profitably Trade Bitcoin’s Overnight Sessions?,Quantpedia,https://quantpedia.com/how-to-profitably-trade-bitcoins-overnight-sessions/?a=6080,"12 Nov 2024, 10:35pm","As interest in cryptocurrencies continues to surge, driven by each new price rally, crypto assets have solidified their position as one of the main asset classes in global markets. Unlike traditional assets, which primarily trade during standard working hours, cryptocurrencies trade 24/7, presenting",quantpedia.com,"How To Profitably Trade Bitcoin’s Overnight Sessions? || As interest in cryptocurrencies continues to surge, driven by each new price rally, crypto assets have solidified their position as one of the main asset classes in global markets. Unlike traditional assets, which primarily trade during standard working hours, cryptocurrencies trade 24/7, presenting",4,0,1,0
Is $SPX Selloff Near An End?,Quantifiable Edges,https://quantifiableedges.com/is-spx-selloff-near-an-end/,"2 Oct 2023, 11:00pm","This past week was the 4th week in a row that the SPX declined. It is quite unusual to see SPX close down for 4 weeks in a row, but still remain above its 40-week moving average. Below is a look at other times since 1975 that this action has occurred. SPX down 4 weeks in a row but above 40-week",quantifiableedges.com,"Is $SPX Selloff Near An End? || This past week was the 4th week in a row that the SPX declined. It is quite unusual to see SPX close down for 4 weeks in a row, but still remain above its 40-week moving average. Below is a look at other times since 1975 that this action has occurred. SPX down 4 weeks in a row but above 40-week",4,0,1,0
Bitcoin Mempool & Momentum,Tr8dr,https://tr8dr.github.io//MemPool/,"19 Dec 2020, 09:39am","I have been thinking about the recent institutional buying that has propelled the price of bitcoin to stratospheric levels; in particular considering how one might detect some of this interest early. Bitcoin and crypto in general is quite interesting in that at some level, due to the decentralized",tr8dr.github.io,"Bitcoin Mempool & Momentum || I have been thinking about the recent institutional buying that has propelled the price of bitcoin to stratospheric levels; in particular considering how one might detect some of this interest early. Bitcoin and crypto in general is quite interesting in that at some level, due to the decentralized",4,0,1,0
Quant Strategies in the Cryptocurrency Space,Factor Research,https://www.factorresearch.com/research-quant-strategies-in-the-cryptocurrency-space,"20 Nov 2017, 07:41am","The year 2017 might be regarded as the year where cryptocurrencies became mainstream. Investment funds focused on cryptocurrencies were launched, the CBOE announced Bitcoin futures for the end of the year and some everyday expenses like booking flights at Expedia can be paid in Bitcoins.",factorresearch.com,"Quant Strategies in the Cryptocurrency Space || The year 2017 might be regarded as the year where cryptocurrencies became mainstream. Investment funds focused on cryptocurrencies were launched, the CBOE announced Bitcoin futures for the end of the year and some everyday expenses like booking flights at Expedia can be paid in Bitcoins.",4,0,1,0
Free Friday #14 and #14a,Build Alpha,http://www.buildalpha.com/free-friday-14-and-14a/,"30 Mar 2017, 11:37pm","Happy Friday. The trader in me could not risk doing Free Friday #13 so I decided to release 2 strategies this week (14 and 14a). The first strategy shorts $GDX, the Gold Miners ETF, and the second strategy goes long $GLD, the Gold ETF. ff14a gdx_ff14 The strategy above is the GDX short strategy. The",buildalpha.com,"Free Friday #14 and #14a || Happy Friday. The trader in me could not risk doing Free Friday #13 so I decided to release 2 strategies this week (14 and 14a). The first strategy shorts $GDX, the Gold Miners ETF, and the second strategy goes long $GLD, the Gold ETF. ff14a gdx_ff14 The strategy above is the GDX short strategy. The",3,0,5,0
End of Month Strategy in S&P 500 – Update,Quantified Strategies,http://www.quantifiedstrategies.com/end-of-month-strategy-in-sp-500-update/,"16 Jan 2015, 04:57am","In July 2012 I published a strategy about an end of month strategy in S&P 500. Here are the criterias: Entry: Day 29, 30 or 31 of the month must be negative. Then enter on close. Exit: Two successive positive closes in a row, OR SPY hits a 1% target. (no stops). Here are the results from 2005",quantifiedstrategies.com,"End of Month Strategy in S&P 500 – Update || In July 2012 I published a strategy about an end of month strategy in S&P 500. Here are the criterias: Entry: Day 29, 30 or 31 of the month must be negative. Then enter on close. Exit: Two successive positive closes in a row, OR SPY hits a 1% target. (no stops). Here are the results from 2005",3,0,5,0
FX Trend-Following: A Walk-Forward Validation Study,Quant Insti,https://www.quantinsti.com/articles/trend-following-strategies-major-currency-markets/,"25 Jun 2026, 05:19pm","TL;DR This project tests whether trend-following, a strategy family with decades of documented success in futures markets, transfers to spot FX. Three approaches (time-series momentum, moving-average crossover, and channel breakout) were backtested across the seven major currency pairs from 2003 to",quantinsti.com,"FX Trend-Following: A Walk-Forward Validation Study || TL;DR This project tests whether trend-following, a strategy family with decades of documented success in futures markets, transfers to spot FX. Three approaches (time-series momentum, moving-average crossover, and channel breakout) were backtested across the seven major currency pairs from 2003 to",3,0,4,0
Gold Cross-Asset Momentum,Allocate Smartly,https://allocatesmartly.com/gold-cross-asset-momentum/?aff=634,"20 Jan 2026, 10:38pm",This is a test of a simple and effective gold trading strategy from Cyril Dujava of Quantpedia with his research: Cross-Asset Price-Based Regimes for Gold. Backtested results from 1970 follow. Results are net of transaction costs – see backtest assumptions. Learn about what we do and follow 100+,allocatesmartly.com,Gold Cross-Asset Momentum || This is a test of a simple and effective gold trading strategy from Cyril Dujava of Quantpedia with his research: Cross-Asset Price-Based Regimes for Gold. Backtested results from 1970 follow. Results are net of transaction costs – see backtest assumptions. Learn about what we do and follow 100+,3,0,4,0
Crypto Trading Depth,Tr8dr,https://tr8dr.github.io//TradingDepth/,"20 Aug 2021, 10:39am","I have a collection of crypto stat/arb strategies I plan to trade as a portfolio of strategies. Each strategy trades a small mean-reversion portfolio of loosely cointegrated coins, based on a bayesian state-based model. The returns in cryptos for this sort of strategy are phenomenal, however,",tr8dr.github.io,"Crypto Trading Depth || I have a collection of crypto stat/arb strategies I plan to trade as a portfolio of strategies. Each strategy trades a small mean-reversion portfolio of loosely cointegrated coins, based on a bayesian state-based model. The returns in cryptos for this sort of strategy are phenomenal, however,",3,0,4,0
Sector trading using the 200-day moving average – Part 2,Alvarez Quant Trading,http://alvarezquanttrading.com/2017/08/23/sector-trading-using-the-200-day-moving-average-part-2/,"23 Aug 2017, 11:36pm","Several readers asked for additional tests to be done on the strategy on Sector trading using the 200-day moving average. We will be testing allocated 11% per ETF instead of 10%, using asymmetric number of days and adding IEF to the SPY MA200 10 day test. SPY MA200 10 day Buy Rule: Buy SPY when it",alvarezquanttrading.com,"Sector trading using the 200-day moving average – Part 2 || Several readers asked for additional tests to be done on the strategy on Sector trading using the 200-day moving average. We will be testing allocated 11% per ETF instead of 10%, using asymmetric number of days and adding IEF to the SPY MA200 10 day test. SPY MA200 10 day Buy Rule: Buy SPY when it",3,0,4,0
Overnight Returns: Risk or Conspiracy?,Falkenblog,https://efalken.substack.com/p/overnight-returns-risk-or-conspiracy,"10 Aug 2025, 09:22pm","TL;DR Virtually all of crypto returns come outside of NYSE trading hours, more so for coins pulled from the top 100, more so than for ETH & BTC Overnight returns dominate the WallStreetBets meme stock pumps of 2021 This pattern could be a signature of a conspiratorial pump or the nature of risky",efalken.substack.com,"Overnight Returns: Risk or Conspiracy? || TL;DR Virtually all of crypto returns come outside of NYSE trading hours, more so for coins pulled from the top 100, more so than for ETH & BTC Overnight returns dominate the WallStreetBets meme stock pumps of 2021 This pattern could be a signature of a conspiratorial pump or the nature of risky",3,0,3,0
Dangers of Relying on OHLC Prices – the Case of Overnight Drift in GDX ETF,Quantpedia,https://quantpedia.com/dangers-of-relying-on-ohlc-prices-the-case-of-overnight-drift-in-gdx-etf/?a=6080,"15 Feb 2025, 09:49pm","Can we truly rely on the opening price in OHLC data for backtesting? While the overnight drift effect is well-documented in a lot of asset classes, we investigated its presence in gold using the GLD ETF and then extended our analysis to the GDX – Gold Miners ETF, where we observed an unusually",quantpedia.com,"Dangers of Relying on OHLC Prices – the Case of Overnight Drift in GDX ETF || Can we truly rely on the opening price in OHLC data for backtesting? While the overnight drift effect is well-documented in a lot of asset classes, we investigated its presence in gold using the GLD ETF and then extended our analysis to the GDX – Gold Miners ETF, where we observed an unusually",3,0,3,0
FX carry strategies (part 1),SR SV,http://www.sr-sv.com/fx-carry-strategies-part-1/,"9 Jun 2018, 10:16am","FX forward-implied carry is a valid basis for investment strategies because it is related to policy subsidies and risk premia. However, it also contains misdirection such as rational expectations of currency depreciation. To increase the signal-noise ratio FX carry should – at the very least –",sr-sv.com,"FX carry strategies (part 1) || FX forward-implied carry is a valid basis for investment strategies because it is related to policy subsidies and risk premia. However, it also contains misdirection such as rational expectations of currency depreciation. To increase the signal-noise ratio FX carry should – at the very least –",3,0,3,0
Two Strategies you can start trading tomorrow - Time of Day effects in FX continued,Quant Journey,http://quantsjourney.blogspot.com/2017/09/two-strategies-you-can-start-trading.html,"7 Sep 2017, 09:41am",My latest post at http://quantsjourney.blogspot.co.uk/2017/09/time-of-day-effects-in-fx.html was on time of days effects in FX and I was claiming that you can actually make money with simple strategies depending on time of day. Below you will find 2 very simple strategies you can play with and make,quantsjourney.blogspot.com,Two Strategies you can start trading tomorrow - Time of Day effects in FX continued || My latest post at http://quantsjourney.blogspot.co.uk/2017/09/time-of-day-effects-in-fx.html was on time of days effects in FX and I was claiming that you can actually make money with simple strategies depending on time of day. Below you will find 2 very simple strategies you can play with and make,3,0,3,0
RUT Iron Condor - Dynamic Exit - 80 DTE Results Summary,DTR Trading,http://dtr-trading.blogspot.com/2015/05/rut-iron-condor-dynamic-exit-80-dte.html,"11 May 2015, 03:04am","Over the last several posts we reviewed the backtest results for Iron Condors initiated at 80 days to expiration (DTE) on the Russell 2000 Index (RUT). To be consistent with all of the earlier backtests posted on this blog, we looked at 80 DTE Iron Condors initiated with short strikes at four",dtr-trading.blogspot.com,"RUT Iron Condor - Dynamic Exit - 80 DTE Results Summary || Over the last several posts we reviewed the backtest results for Iron Condors initiated at 80 days to expiration (DTE) on the Russell 2000 Index (RUT). To be consistent with all of the earlier backtests posted on this blog, we looked at 80 DTE Iron Condors initiated with short strikes at four",3,0,3,0
RUT Iron Condor - Dynamic Exit - 52 DTE Results Summary,DTR Trading,http://dtr-trading.blogspot.com/2015/04/rut-iron-condor-dynamic-exit-52-dte.html,"15 Apr 2015, 01:27pm","Over the last eight posts we reviewed the backtest results for Iron Condors initiated at 52 days to expiration (DTE) on the Russell 2000 Index (RUT). To be consistent with all of the earlier backtests posted on this blog, we looked at 52 DTE Iron Condors initiated with short strikes at four",dtr-trading.blogspot.com,"RUT Iron Condor - Dynamic Exit - 52 DTE Results Summary || Over the last eight posts we reviewed the backtest results for Iron Condors initiated at 52 days to expiration (DTE) on the Russell 2000 Index (RUT). To be consistent with all of the earlier backtests posted on this blog, we looked at 52 DTE Iron Condors initiated with short strikes at four",3,0,3,0
RUT Iron Condor - Dynamic Exit Overview - 66 DTE,DTR Trading,http://dtr-trading.blogspot.com/2015/01/rut-iron-condor-dynamic-exit-overview_28.html,"29 Jan 2015, 03:02pm","In this post, we will continue the work from the last post, RUT Iron Condor - Dynamic Exit Overview - 80 DTE, but this time we will look at the performance of several dynamic exits for the 66 days-to-expiration (DTE) RUT Iron Condors (IC). We are going to backtest dynamic exits on three basic IC",dtr-trading.blogspot.com,"RUT Iron Condor - Dynamic Exit Overview - 66 DTE || In this post, we will continue the work from the last post, RUT Iron Condor - Dynamic Exit Overview - 80 DTE, but this time we will look at the performance of several dynamic exits for the 66 days-to-expiration (DTE) RUT Iron Condors (IC). We are going to backtest dynamic exits on three basic IC",3,0,3,0
The Best Strategies for FX Hedging,Quantpedia,https://quantpedia.com/the-best-strategies-for-fx-hedging/?a=6080,"24 Aug 2025, 10:30pm","Foreign exchange (FX) markets are a cornerstone of global finance, offering investors and corporations opportunities to manage currency risk, enhance returns, and optimize portfolio performance. Among the most critical challenges in FX is the design of robust hedging strategies to mitigate exposure",quantpedia.com,"The Best Strategies for FX Hedging || Foreign exchange (FX) markets are a cornerstone of global finance, offering investors and corporations opportunities to manage currency risk, enhance returns, and optimize portfolio performance. Among the most critical challenges in FX is the design of robust hedging strategies to mitigate exposure",3,0,2,0
S&P 500 Dividend Aristocrats,Alvarez Quant Trading,https://alvarezquanttrading.com/blog/sp-500-dividend-aristocrats/,"28 May 2020, 10:30am","Back in 2018, I wrote a post, Backtesting a Dividend Strategy, which was conceptually based on the S&P 500 Dividend Aristocrats. Just recently, Norgate Data started offering historical constituent data for the S&P 500 Dividend Aristocrats index. This would be a much ‘cleaner’ version",alvarezquanttrading.com,"S&P 500 Dividend Aristocrats || Back in 2018, I wrote a post, Backtesting a Dividend Strategy, which was conceptually based on the S&P 500 Dividend Aristocrats. Just recently, Norgate Data started offering historical constituent data for the S&P 500 Dividend Aristocrats index. This would be a much ‘cleaner’ version",3,0,2,0
Bad and good beta in FX strategies,SR SV,http://www.sr-sv.com/bad-and-good-betas-in-fx/,"29 Jun 2019, 11:08am",Bad beta means market exposure that is expensive to hedge. Good beta is market exposure that is cheap to hedge. Distinguishing between these is crucial for FX trading strategies. The market sensitivity of FX positions can be decomposed into a risk premium beta (‘bad beta’) and a real rate beta,sr-sv.com,Bad and good beta in FX strategies || Bad beta means market exposure that is expensive to hedge. Good beta is market exposure that is cheap to hedge. Distinguishing between these is crucial for FX trading strategies. The market sensitivity of FX positions can be decomposed into a risk premium beta (‘bad beta’) and a real rate beta,3,0,2,0
SPY’s 2-Day Pattern Suggesting A Bullish Tendency For Tuesday,Quantifiable Edges,http://quantifiableedges.com/spys-2-day-pattern-suggesting-a-bullish-tendency-for-tuesday/,"28 Nov 2017, 01:08pm",SPY gapped up and closed lower Monday after leaving an unfilled up gap on Friday. This triggered the study below that examined similar price action in SPY with regards to how it gapped and finished,quantifiableedges.com,SPY’s 2-Day Pattern Suggesting A Bullish Tendency For Tuesday || SPY gapped up and closed lower Monday after leaving an unfilled up gap on Friday. This triggered the study below that examined similar price action in SPY with regards to how it gapped and finished,3,0,2,0
What Kind of Asset Is Bitcoin?,CXO Advisory,https://www.cxoadvisory.com/30308/currency-trading/what-kind-of-asset-is-bitcoin/,"28 Sep 2017, 10:52pm","Does Bitcoin behave like some other asset class? To investigate, we calculate daily and monthly return correlations between Bitcoin and each of 34 exchange-traded products encompassing eight used in “Simple Asset Class ETF Momentum Strategy ” (SACEMS), 24 considered in “SACEMS Portfolio-Asset",cxoadvisory.com,"What Kind of Asset Is Bitcoin? || Does Bitcoin behave like some other asset class? To investigate, we calculate daily and monthly return correlations between Bitcoin and each of 34 exchange-traded products encompassing eight used in “Simple Asset Class ETF Momentum Strategy ” (SACEMS), 24 considered in “SACEMS Portfolio-Asset",3,0,2,0
Two Unfilled Down Gaps For SPY — Good News?,Quantifiable Edges,http://quantifiableedges.com/two-unfilled-down-gaps-for-spy-good-news/,"16 Nov 2015, 12:35pm",Both Thursday and Friday saw SPY leave an unfilled gap down. That is fairly unusual. In the study below I examined other times it has occurred since 2002 while SPY was below the 200-day moving average. 2015-11-16 image1 Every instance except one was higher five days later. While instances are a,quantifiableedges.com,Two Unfilled Down Gaps For SPY — Good News? || Both Thursday and Friday saw SPY leave an unfilled gap down. That is fairly unusual. In the study below I examined other times it has occurred since 2002 while SPY was below the 200-day moving average. 2015-11-16 image1 Every instance except one was higher five days later. While instances are a,3,0,2,0
The S&P 500 Death Cross – Time to Panic?,iMarketSignals,http://imarketsignals.com/2015/the-sp-500-death-cross-time-to-panic/,"25 Sep 2015, 10:50am",At the end of August 2015 the 50-day moving average of the S&P500 crossed its 200-day moving average to the downside – the 33rd occurrence of a “Death Cross” since 1950. The performance of the S&P500 was investigated for periods ranging from one year before to two years after a Death,imarketsignals.com,The S&P 500 Death Cross – Time to Panic? || At the end of August 2015 the 50-day moving average of the S&P500 crossed its 200-day moving average to the downside – the 33rd occurrence of a “Death Cross” since 1950. The performance of the S&P500 was investigated for periods ranging from one year before to two years after a Death,3,0,2,0
RUT Iron Condor - High Loss Threshold - 80 DTE,DTR Trading,http://dtr-trading.blogspot.com/2015/06/rut-iron-condor-high-loss-threshold-80.html,"18 Jun 2015, 05:53pm","This post looks at a standard (STD) one-lot iron condor on the Russell 2000 Index (RUT), initiated at 80 days-to-expiration (DTE). The results in this post were derived from approximately 3200 individual trades entered by the backtester. For background on the setup for the backtests, as well as the",dtr-trading.blogspot.com,"RUT Iron Condor - High Loss Threshold - 80 DTE || This post looks at a standard (STD) one-lot iron condor on the Russell 2000 Index (RUT), initiated at 80 days-to-expiration (DTE). The results in this post were derived from approximately 3200 individual trades entered by the backtester. For background on the setup for the backtests, as well as the",3,0,2,0
RUT Iron Condor - High Loss Threshold - 66 DTE,DTR Trading,http://dtr-trading.blogspot.com/2015/06/rut-iron-condor-high-loss-threshold-66.html,"15 Jun 2015, 02:02pm","This post looks at a standard (STD) one-lot iron condor on the Russell 2000 Index (RUT), initiated at 66 days-to-expiration (DTE). The results in this post were derived from approximately 3200 individual trades entered by the backtester. For background on the setup for the backtests, as well as the",dtr-trading.blogspot.com,"RUT Iron Condor - High Loss Threshold - 66 DTE || This post looks at a standard (STD) one-lot iron condor on the Russell 2000 Index (RUT), initiated at 66 days-to-expiration (DTE). The results in this post were derived from approximately 3200 individual trades entered by the backtester. For background on the setup for the backtests, as well as the",3,0,2,0
RUT Iron Condor - High Loss Threshold - 59 DTE,DTR Trading,http://dtr-trading.blogspot.com/2015/06/rut-iron-condor-high-loss-threshold-59.html,"11 Jun 2015, 04:03pm","This post looks at a standard (STD) one-lot iron condor on the Russell 2000 Index (RUT), initiated at 59 days-to-expiration (DTE). The results in this post were derived from approximately 3200 individual trades entered by the backtester. For background on the setup for the backtests, as well as the",dtr-trading.blogspot.com,"RUT Iron Condor - High Loss Threshold - 59 DTE || This post looks at a standard (STD) one-lot iron condor on the Russell 2000 Index (RUT), initiated at 59 days-to-expiration (DTE). The results in this post were derived from approximately 3200 individual trades entered by the backtester. For background on the setup for the backtests, as well as the",3,0,2,0
RUT Iron Condor - High Loss Threshold - 52 DTE,DTR Trading,http://dtr-trading.blogspot.com/2015/06/rut-iron-condor-high-loss-threshold-52.html,"9 Jun 2015, 03:00am","This post looks at a standard (STD) one-lot iron condor on the Russell 2000 Index (RUT), initiated at 52 days-to-expiration (DTE). The results in this post were derived from approximately 3200 individual trades entered by the backtester. For background on the setup for the backtests, as well as the",dtr-trading.blogspot.com,"RUT Iron Condor - High Loss Threshold - 52 DTE || This post looks at a standard (STD) one-lot iron condor on the Russell 2000 Index (RUT), initiated at 52 days-to-expiration (DTE). The results in this post were derived from approximately 3200 individual trades entered by the backtester. For background on the setup for the backtests, as well as the",3,0,2,0
RUT Iron Condor - High Loss Threshold - 45 DTE,DTR Trading,http://dtr-trading.blogspot.com/2015/06/rut-iron-condor-high-loss-threshold-45_5.html,"5 Jun 2015, 06:18pm","This post looks at a standard (STD) one-lot iron condor on the Russell 2000 Index (RUT), initiated at 45 days-to-expiration (DTE). The results in this post were derived from approximately 3200 individual trades entered by the backtester. For background on the setup for the backtests, as well as the",dtr-trading.blogspot.com,"RUT Iron Condor - High Loss Threshold - 45 DTE || This post looks at a standard (STD) one-lot iron condor on the Russell 2000 Index (RUT), initiated at 45 days-to-expiration (DTE). The results in this post were derived from approximately 3200 individual trades entered by the backtester. For background on the setup for the backtests, as well as the",3,0,2,0
RUT Iron Condor - High Loss Threshold - 38 DTE,DTR Trading,http://dtr-trading.blogspot.com/2015/06/rut-iron-condor-high-loss-threshold-38.html,"3 Jun 2015, 01:15pm","This post looks at a standard (STD) one-lot iron condor on the Russell 2000 Index (RUT), initiated at 38 days-to-expiration (DTE). The results in this post were derived from approximately 3200 individual trades entered by the backtester. For background on the setup for the backtests, as well as the",dtr-trading.blogspot.com,"RUT Iron Condor - High Loss Threshold - 38 DTE || This post looks at a standard (STD) one-lot iron condor on the Russell 2000 Index (RUT), initiated at 38 days-to-expiration (DTE). The results in this post were derived from approximately 3200 individual trades entered by the backtester. For background on the setup for the backtests, as well as the",3,0,2,0
SPX Iron Condor - High Loss Threshold - 80 DTE,DTR Trading,http://dtr-trading.blogspot.com/2015/05/spx-iron-condor-high-loss-threshold-80.html,"28 May 2015, 12:47pm","This post looks at a standard (STD) one-lot iron condor on the S&P 500 Index (SPX), initiated at 80 days-to-expiration (DTE). The results in this post were derived from approximately 3200 individual trades entered by the backtester. For background on the setup for the backtests, as well as the",dtr-trading.blogspot.com,"SPX Iron Condor - High Loss Threshold - 80 DTE || This post looks at a standard (STD) one-lot iron condor on the S&P 500 Index (SPX), initiated at 80 days-to-expiration (DTE). The results in this post were derived from approximately 3200 individual trades entered by the backtester. For background on the setup for the backtests, as well as the",3,0,2,0
SPX Iron Condor - High Loss Threshold - 66 DTE,DTR Trading,http://dtr-trading.blogspot.com/2015/05/spx-iron-condor-high-loss-threshold-66.html,"25 May 2015, 12:57pm","This post looks at a standard (STD) one-lot iron condor on the S&P 500 Index (SPX), initiated at 66 days-to-expiration (DTE). The results in this post were derived from approximately 3200 individual trades entered by the backtester. For background on the setup for the backtests, as well as the",dtr-trading.blogspot.com,"SPX Iron Condor - High Loss Threshold - 66 DTE || This post looks at a standard (STD) one-lot iron condor on the S&P 500 Index (SPX), initiated at 66 days-to-expiration (DTE). The results in this post were derived from approximately 3200 individual trades entered by the backtester. For background on the setup for the backtests, as well as the",3,0,2,0
SPX Iron Condor - High Loss Threshold - 52 DTE,DTR Trading,http://dtr-trading.blogspot.com/2015/05/spx-iron-condor-high-loss-threshold-52.html,"21 May 2015, 12:09pm","This post looks at a standard (STD) one-lot iron condor on the S&P 500 Index (SPX), initiated at 52 days-to-expiration (DTE). The results in this post were derived from approximately 3200 individual trades entered by the backtester. For background on the setup for the backtests, as well as the",dtr-trading.blogspot.com,"SPX Iron Condor - High Loss Threshold - 52 DTE || This post looks at a standard (STD) one-lot iron condor on the S&P 500 Index (SPX), initiated at 52 days-to-expiration (DTE). The results in this post were derived from approximately 3200 individual trades entered by the backtester. For background on the setup for the backtests, as well as the",3,0,2,0
Forex Trading Diary #5 - Trading Multiple Currency Pairs,Quant Start,http://www.quantstart.com/articles/Forex-Trading-Diary-5-Trading-Multiple-Currency-Pairs,"22 Apr 2015, 10:59am",Yesterday I published some important changes to the QSForex software. These changes have increased the usefulness of the system significantly to the point where it is nearly ready for multi-day tick-data backtesting over a range of currency pairs. The following changes have been posted to Github:,quantstart.com,Forex Trading Diary #5 - Trading Multiple Currency Pairs || Yesterday I published some important changes to the QSForex software. These changes have increased the usefulness of the system significantly to the point where it is nearly ready for multi-day tick-data backtesting over a range of currency pairs. The following changes have been posted to Github:,3,0,2,0
RUT Iron Condor - Dynamic Exit - 38 DTE Results Summary,DTR Trading,http://dtr-trading.blogspot.com/2015/03/rut-iron-condor-dynamic-exit-38-dte.html,"5 Mar 2015, 10:15am","Over the last eight posts we reviewed the backtest results for Iron Condors initiated at 38 days to expiration (DTE) on the Russell 2000 index (RUT). To be consistent with all of the earlier bactests posted on this blog, we looked at 38 DTE Iron Condors initiated with short strikes at four different",dtr-trading.blogspot.com,"RUT Iron Condor - Dynamic Exit - 38 DTE Results Summary || Over the last eight posts we reviewed the backtest results for Iron Condors initiated at 38 days to expiration (DTE) on the Russell 2000 index (RUT). To be consistent with all of the earlier bactests posted on this blog, we looked at 38 DTE Iron Condors initiated with short strikes at four different",3,0,2,0
Single Indicator Strategy with Sharpe ~1 on SPY,Analytical Accuracy,https://quant007.wordpress.com/2015/02/16/single-indicator-strategy-with-sharpe-1-on-spy/,"16 Feb 2015, 07:22pm","We construct a strategy based on a single indicator – percentage of close price within the range of [Past N days Low, Past N days High]. First we calculate the indicator (pBand variable below) require(quantmod) getSymbols('SPY') Lookback=10 HLC=SPY[,c(",quant007.wordpress.com,"Single Indicator Strategy with Sharpe ~1 on SPY || We construct a strategy based on a single indicator – percentage of close price within the range of [Past N days Low, Past N days High]. First we calculate the indicator (pBand variable below) require(quantmod) getSymbols('SPY') Lookback=10 HLC=SPY[,c(",3,0,2,0
Top N Crypto-Assets by MarketCap for Backtesting Purposes in Python,Quant at Risk,https://quantatrisk.com/2022/03/27/top-n-crypto-assets-by-marketcap-for-crypto-portfolio-backtesting-python/,"27 Mar 2022, 08:42pm","A quantitative research over the construction of a perfect crypto-portfolio can be based on a number of crypto-assets. The selection of them is of paramount importance. If you are able to build the right portfolio, stick to it, or successfully manage its composition in time (e.g. through the method",quantatrisk.com,"Top N Crypto-Assets by MarketCap for Backtesting Purposes in Python || A quantitative research over the construction of a perfect crypto-portfolio can be based on a number of crypto-assets. The selection of them is of paramount importance. If you are able to build the right portfolio, stick to it, or successfully manage its composition in time (e.g. through the method",3,0,1,0
Hacking 1-Minute Cryptocurrency Candlesticks: Capturing Binance Live Data,Quant at Risk,https://quantatrisk.com/2022/03/22/hacking-cryptocurrency-candlesticks-1-binance-data-stream-python/,"22 Mar 2022, 11:30am","There is no question about how profitable the trading of cryptocurrencies can be. If you create an algorithmic strategy and stick to it, you can capture a +10% PnL wave sometimes even twice a day for a selected asset. Unfortunately, the opposite is true, too! The crypto-risks seem to follow the same",quantatrisk.com,"Hacking 1-Minute Cryptocurrency Candlesticks: Capturing Binance Live Data || There is no question about how profitable the trading of cryptocurrencies can be. If you create an algorithmic strategy and stick to it, you can capture a +10% PnL wave sometimes even twice a day for a selected asset. Unfortunately, the opposite is true, too! The crypto-risks seem to follow the same",3,0,1,0
Probing Price Momentum of Bitcoin during its Bull Runs with a Piecewise Linear Model,Quant At Risk,https://quantatrisk.com/2021/01/30/probing-price-momentum-of-bitcoin-during-its-bull-runs-with-a-piecewise-linear-model/,"31 Jan 2021, 08:04pm",In 2020 Bitcoin delivered us another spectacular bull run. It was as impressive as the one we witnessed in 2017. The analysis of Bitcoin price time-series during its bull runs can uncover interesting results. By comparing a selected set of characteristics we could find some commonalities in trading.,quantatrisk.com,Probing Price Momentum of Bitcoin during its Bull Runs with a Piecewise Linear Model || In 2020 Bitcoin delivered us another spectacular bull run. It was as impressive as the one we witnessed in 2017. The analysis of Bitcoin price time-series during its bull runs can uncover interesting results. By comparing a selected set of characteristics we could find some commonalities in trading.,3,0,1,0
"Trend-following, volatility targeting and Ensembles for Bitcoin",Beat Passive,https://beatpassive.com/2020/06/16/bitcoin-strategy/,"17 Jun 2020, 11:29am","Today we’ll incrementally build a strategy using trend-following, volatility targeting, and ensemble models and we’ll use Bitcoin as our use-case. Why bitcoin? Because it’s a maddening asset-class that’s extremely volatile over short periods of time and seemed like a fun place to test these",beatpassive.com,"Trend-following, volatility targeting and Ensembles for Bitcoin || Today we’ll incrementally build a strategy using trend-following, volatility targeting, and ensemble models and we’ll use Bitcoin as our use-case. Why bitcoin? Because it’s a maddening asset-class that’s extremely volatile over short periods of time and seemed like a fun place to test these",3,0,1,0
When QQQ Gaps Down Big From A High,Quantifiable Edges,http://quantifiableedges.com/when-qqq-gaps-down-big-from-a-high/,"6 May 2019, 10:09am","Trump’s tweets on Sunday have put the market in a state of disarray. After closing Friday at an all-time high, QQQ is set to gap down nearly 2% this morning. Below is a look at other times QQQ gapped down at least 1% to open the day after closing at a 200-day high the day before. 2019-05-6-12",quantifiableedges.com,"When QQQ Gaps Down Big From A High || Trump’s tweets on Sunday have put the market in a state of disarray. After closing Friday at an all-time high, QQQ is set to gap down nearly 2% this morning. Below is a look at other times QQQ gapped down at least 1% to open the day after closing at a 200-day high the day before. 2019-05-6-12",3,0,1,0
When the Jobs Report Sparks the NASDAQ to Rally to a New High,Quantifiable Edges,http://quantifiableedges.com/when-the-jobs-report-sparks-the-nasdaq-to-rally-to-a-new-high/,"5 May 2019, 02:33pm","The employment report was the catalyst for the big rally Friday, and the NASDAQ closed at a new high. The study below looks back at other instances where the NASDAQ spiked higher and closed at a new high on the day of an employment report. 2019-05-05 Employment-sparked momentum leading to new highs",quantifiableedges.com,"When the Jobs Report Sparks the NASDAQ to Rally to a New High || The employment report was the catalyst for the big rally Friday, and the NASDAQ closed at a new high. The study below looks back at other instances where the NASDAQ spiked higher and closed at a new high on the day of an employment report. 2019-05-05 Employment-sparked momentum leading to new highs",3,0,1,0
The Extreme Persistence Of The Current SPX Rally,Quantifiable Edges,http://quantifiableedges.com/the-extreme-persistence-of-the-current-spx-rally/,"26 Feb 2019, 09:45am",The last time the SPX closed below its 10-day moving average was January 3rd. That means it has now been 35 straight trading days that SPX has closed above the 10ma. That is a very long streak. Below is a list of all streaks since 1928 of 35 days or longer. (Note: prior to 1957 S&P 90 Index data,quantifiableedges.com,The Extreme Persistence Of The Current SPX Rally || The last time the SPX closed below its 10-day moving average was January 3rd. That means it has now been 35 straight trading days that SPX has closed above the 10ma. That is a very long streak. Below is a list of all streaks since 1928 of 35 days or longer. (Note: prior to 1957 S&P 90 Index data,3,0,1,0
What Works (and Doesn't Work) in Cryptocurrencies,Quantpedia,https://quantpedia.com/Blog/Details/what-works-and-doesnt-work-in-cryptocurrencies?a=6080,"24 Aug 2018, 08:12am","If behavioral biases explain asset pricing anomalies, they should also materialize in cryptocurrency markets. I test more than 20 stock return anomalies based on daily cryptocurrency data, and document strong evidence of price momentum. Unlike stock markets, price reversal and risk-based anomalies",quantpedia.com,"What Works (and Doesn't Work) in Cryptocurrencies || If behavioral biases explain asset pricing anomalies, they should also materialize in cryptocurrency markets. I test more than 20 stock return anomalies based on daily cryptocurrency data, and document strong evidence of price momentum. Unlike stock markets, price reversal and risk-based anomalies",3,0,1,0
FX carry strategies (part 2): Hedging,SR SV,http://www.sr-sv.com/fx-carry-strategies-part-2-hedging/,"16 Jun 2018, 05:56am",There is often a strong case for hedging FX carry trades against unrelated global market factors. It is usually not difficult to hedge currency positions – at least partly – against global directional risk and against moves in the EURUSD exchange rate. The benefits of these hedges are [1] more,sr-sv.com,FX carry strategies (part 2): Hedging || There is often a strong case for hedging FX carry trades against unrelated global market factors. It is usually not difficult to hedge currency positions – at least partly – against global directional risk and against moves in the EURUSD exchange rate. The benefits of these hedges are [1] more,3,0,1,0
Better Returns From Seasonal Investing In The S&P 500 (1950-2018),iMarketSignals,https://imarketsignals.com/2018/better-returns-seasonal-investing-1950-2018/,"11 Jun 2018, 10:24pm","From 1950 to 2018 the S&P 500 performed best from November to April, and significantly worse from May to October during most years. From 1950-2018 the real annualized return for the S&P 500 was 6.71%. Had one only invested from November to April each year the return would have been 6.60%,",imarketsignals.com,"Better Returns From Seasonal Investing In The S&P 500 (1950-2018) || From 1950 to 2018 the S&P 500 performed best from November to April, and significantly worse from May to October during most years. From 1950-2018 the real annualized return for the S&P 500 was 6.71%. Had one only invested from November to April each year the return would have been 6.60%,",3,0,1,0
Currency Management with FX Style Factors,Quantpedia,https://quantpedia.com/Blog/Details/currency-management-with-fx-style-factors?a=6080,"5 Jun 2018, 09:22am","Currency hedging is often approached with an all-or-nothing mentality: either full hedging of all foreign exchange (FX) positions or no hedging at all. As a more nuanced alternative, we suggest systematically harvesting the benefits of the FX style factors carry, value and momentum. In particular,",quantpedia.com,"Currency Management with FX Style Factors || Currency hedging is often approached with an all-or-nothing mentality: either full hedging of all foreign exchange (FX) positions or no hedging at all. As a more nuanced alternative, we suggest systematically harvesting the benefits of the FX style factors carry, value and momentum. In particular,",3,0,1,0
"Spx Low Vol Streak, Update",Voodoo Markets,https://voodoomarkets.wordpress.com/2018/02/18/spx-low-vol-streak-update/,"18 Feb 2018, 02:17pm","Spx had a rather long streak of low volatility. There is no predictive value or signal here, i just wanted to eyeball & visualize how long the low vol streak lasted and how it compared to other low vol streaks. Here are all the Spx low vol streaks (close to close change > +/-1%) that lasted",voodoomarkets.wordpress.com,"Spx Low Vol Streak, Update || Spx had a rather long streak of low volatility. There is no predictive value or signal here, i just wanted to eyeball & visualize how long the low vol streak lasted and how it compared to other low vol streaks. Here are all the Spx low vol streaks (close to close change > +/-1%) that lasted",3,0,1,0
A Simple Measure of Overbought in NASDAQ is Suggesting a Pullback,Quantifiable Edges,http://quantifiableedges.com/a-simple-measure-of-overbought-in-nasdaq-is-suggesting-a-pullback/,"7 Mar 2016, 12:00pm","Friday was the 4th day in a row that the NASDAQ closed higher. While this may not seem to be a big deal, it does not happen very often when the NASDAQ is trading below its 200-day moving average. The table below shows results following all times this has occurred since 2002. 2015-03-07 image1",quantifiableedges.com,"A Simple Measure of Overbought in NASDAQ is Suggesting a Pullback || Friday was the 4th day in a row that the NASDAQ closed higher. While this may not seem to be a big deal, it does not happen very often when the NASDAQ is trading below its 200-day moving average. The table below shows results following all times this has occurred since 2002. 2015-03-07 image1",3,0,1,0
SPX Performance After 2-Days Bounces From Lows Similar To Thurs-Fri,Quantifiable Edges,http://feedproxy.google.com/~r/quantifiableedges/blog/~3/T8nttpktTpA/,"13 Jul 2015, 09:17am","Friday was the 2nd day in a row that SPY put in an unfilled gap up (though Thursday ended with very small gains.) And while the move up on Friday was strong, it still was not strong enough to erase all of Wednesday’s losses. Wednesday was a big down day that left SPX at an intermediate-term low.",feedproxy.google.com,"SPX Performance After 2-Days Bounces From Lows Similar To Thurs-Fri || Friday was the 2nd day in a row that SPY put in an unfilled gap up (though Thursday ended with very small gains.) And while the move up on Friday was strong, it still was not strong enough to erase all of Wednesday’s losses. Wednesday was a big down day that left SPX at an intermediate-term low.",3,0,1,0
Consolidated Source of Data for Bitcoin,Tr8dr,https://tr8dr.wordpress.com/2015/01/27/consolidated-source-of-data-for-bitcoin/,"27 Jan 2015, 04:24pm","It seems like every other month there is a new bitcoin exchange. For the purposes of trading research & backtesting it is important to have historical data across, at least, the most liquid exchanges. My list would be at least: USD/BTC bitfinex (15%) bitstamp (5%) coinbase (new, but likely to",tr8dr.wordpress.com,"Consolidated Source of Data for Bitcoin || It seems like every other month there is a new bitcoin exchange. For the purposes of trading research & backtesting it is important to have historical data across, at least, the most liquid exchanges. My list would be at least: USD/BTC bitfinex (15%) bitstamp (5%) coinbase (new, but likely to",3,0,1,0
Amazing paper related to several momentum strategies,Quantpedia,http://quantpedia.com/Blog/Details/amazing-paper-related-to-several-momentum-strategies?a=6080,"28 May 2015, 07:27am","#2 - Asset Class Momentum - Rotational System #3 - Sector Momentum - Rotational System #8 - FX Momentum #14 - Momentum Effect in Stocks #15 - Momentum Effect in Country Equity Indexes Authors: Geczy, Samonov Title: 215 Years of Global Multi-Asset Momentum: 1800-2014 (Equities, Sectors, Currencies,",quantpedia.com,"Amazing paper related to several momentum strategies || #2 - Asset Class Momentum - Rotational System #3 - Sector Momentum - Rotational System #8 - FX Momentum #14 - Momentum Effect in Stocks #15 - Momentum Effect in Country Equity Indexes Authors: Geczy, Samonov Title: 215 Years of Global Multi-Asset Momentum: 1800-2014 (Equities, Sectors, Currencies,",2,0,10,0
The “SPY RSI No Lie” Swing Trade System,Throwing Good Money,http://throwinggoodmoney.com/2016/04/the-spy-rsi-no-lie-swing-trade-system/,"13 Apr 2016, 03:43pm","Here’s a free system for you. I call it the “SPY RSI No Lie” system. It’s called that because I like stupid titles, and internal rhymes are an added plus. I read a post on Jeff Swanson’s System Trader Success recently about using a short-period RSI value to trigger trades with the S&P",throwinggoodmoney.com,"The “SPY RSI No Lie” Swing Trade System || Here’s a free system for you. I call it the “SPY RSI No Lie” system. It’s called that because I like stupid titles, and internal rhymes are an added plus. I read a post on Jeff Swanson’s System Trader Success recently about using a short-period RSI value to trigger trades with the S&P",2,0,8,0
Weekly Mean Reversion Rotation Strategy on S&P500 Stocks,Alvarez Quant Trading,http://alvarezquanttrading.com/blog/weekly-mean-reversion-rotation-strategy-on-sp500-stocks/,"15 Nov 2017, 11:52am","A reader emailed me about testing a weekly mean reversion rotation strategy on S&P500 stocks. My first thought was, why had I not done this type of test before? The very first strategy that I worked on with Larry Connors was this type of strategy. The strategy I will be testing today is a",alvarezquanttrading.com,"Weekly Mean Reversion Rotation Strategy on S&P500 Stocks || A reader emailed me about testing a weekly mean reversion rotation strategy on S&P500 stocks. My first thought was, why had I not done this type of test before? The very first strategy that I worked on with Larry Connors was this type of strategy. The strategy I will be testing today is a",2,0,7,0
Bitcoin Swing Trading,Philipp Kahler,https://www.quanttrader.com/index.php/bitcoin-swing-trading/KahlerPhilipp2019,"1 Jul 2019, 07:40am",I published a bitcoin swing trading strategy in 2015 over here (German only). Time to review the methodology of swing trading and have a look on the performance. Can a rational strategy get an edge in an irrational market? Have a look and be surprised! Swing Point Trading Technique Swing trading is,quanttrader.com,Bitcoin Swing Trading || I published a bitcoin swing trading strategy in 2015 over here (German only). Time to review the methodology of swing trading and have a look on the performance. Can a rational strategy get an edge in an irrational market? Have a look and be surprised! Swing Point Trading Technique Swing trading is,2,0,6,0
Paul Novell's Flagship Strategy SPY-COMP,Allocate Smartly,https://allocatesmartly.com/paul-novells-flagship-strategy-spy-comp/?aff=634,"23 Apr 2020, 12:33pm","This is a test of the flagship proprietary strategy from Paul Novell’s Investing for a Living. Paul has been kind enough to share his strategy rules to allow for independent verification of his results. SPY-COMP is like Growth-Trend Timing and a handful of other tactical strategies we track, in",allocatesmartly.com,"Paul Novell's Flagship Strategy SPY-COMP || This is a test of the flagship proprietary strategy from Paul Novell’s Investing for a Living. Paul has been kind enough to share his strategy rules to allow for independent verification of his results. SPY-COMP is like Growth-Trend Timing and a handful of other tactical strategies we track, in",2,0,5,0
Free Friday #19 – Long/Short Small Caps and June Update,Build Alpha,https://www.buildalpha.com/free-friday-19-longshort-small-caps-and-june-update/,"30 Jun 2017, 08:06am","This Free Friday, Free Friday #19, is a user submission! It is a long/short strategy for $IWM - the Russell 2000 ETF. Both the long and the short strategy only have two rules each and only hold for 1 day. Below I’ve posted the long strategy on the left and the short strategy on the right. Short",buildalpha.com,"Free Friday #19 – Long/Short Small Caps and June Update || This Free Friday, Free Friday #19, is a user submission! It is a long/short strategy for $IWM - the Russell 2000 ETF. Both the long and the short strategy only have two rules each and only hold for 1 day. Below I’ve posted the long strategy on the left and the short strategy on the right. Short",2,0,5,0
Using 52-week highs in a S&P500 monthly rotation strategy,Alvarez Quant Trading,http://alvarezquanttrading.com/2015/01/14/using-52-week-highs-in-a-sp500-monthly-rotation-strategy/,"14 Jan 2015, 05:07pm","One area of recent interest for me is trading rotational strategies on a monthly timeframe using S&P500 stocks and ETFs. Areas of exploration include Momentum and Dual Momentum. Recently I came across The Secret to Momentum is the 52-Week High??? on Alpha Architect, a blog I highly recommend on",alvarezquanttrading.com,"Using 52-week highs in a S&P500 monthly rotation strategy || One area of recent interest for me is trading rotational strategies on a monthly timeframe using S&P500 stocks and ETFs. Areas of exploration include Momentum and Dual Momentum. Recently I came across The Secret to Momentum is the 52-Week High??? on Alpha Architect, a blog I highly recommend on",2,0,5,0
Skill or Luck? We Ran 100 Million Bitcoin Backtests to Show You How to Tell,Rulyfi,https://rulyfi.com/blog/100-million-backtests-deflated-sharpe,"10 Jul 2026, 05:37am","Key Takeaways The Deflated Sharpe Ratio (DSR) adjusts a strategy's Sharpe for how many strategies you tested. It sets the bar not at zero, but at the best Sharpe you would expect from luck alone after N tries, a bar that grows only with the logarithm of N. Of 99,878,688 BTC/USDT backtests,",rulyfi.com,"Skill or Luck? We Ran 100 Million Bitcoin Backtests to Show You How to Tell || Key Takeaways The Deflated Sharpe Ratio (DSR) adjusts a strategy's Sharpe for how many strategies you tested. It sets the bar not at zero, but at the best Sharpe you would expect from luck alone after N tries, a bar that grows only with the logarithm of N. Of 99,878,688 BTC/USDT backtests,",2,0,4,0
A Key New Momentum Measure to Consider: Distance from 1-Year High,Allocate Smartly,https://allocatesmartly.com/a-key-new-momentum-measure-to-consider-distance-from-1-year-high/?aff=634,"22 May 2023, 09:00am",This research was inspired by Alpha Architect’s coverage of a new paper looking at how the distance from a stock’s 1-year high has affected the performance of momentum strategies and the likelihood of “momentum crashes”. We look at the same question applied to a stock index: the S&P 500.,allocatesmartly.com,A Key New Momentum Measure to Consider: Distance from 1-Year High || This research was inspired by Alpha Architect’s coverage of a new paper looking at how the distance from a stock’s 1-year high has affected the performance of momentum strategies and the likelihood of “momentum crashes”. We look at the same question applied to a stock index: the S&P 500.,2,0,4,0
Trending Fast and Slow,Allocate Smartly,https://allocatesmartly.com/trending-fast-and-slow/?aff=634,"31 May 2022, 01:51pm","This is a test of a tactical strategy from the paper Trending Fast and Slow. It trades the S&P 500 by switching between fast and slow momentum based on market volatility. The strategy would have kept pace with the S&P 500, while significantly reducing the worst drawdowns. Backtested results",allocatesmartly.com,"Trending Fast and Slow || This is a test of a tactical strategy from the paper Trending Fast and Slow. It trades the S&P 500 by switching between fast and slow momentum based on market volatility. The strategy would have kept pace with the S&P 500, while significantly reducing the worst drawdowns. Backtested results",2,0,4,0
More ideas for ranking methods on a monthly S&P500 Stock Rotation Strategy,Alvarez Quant Trading,https://alvarezquanttrading.com/blog/more-ideas-for-ranking-methods-on-a-monthly-sp500-stock-rotation-strategy/,"16 Jun 2021, 10:28pm",My last post on Different ranking methods for a monthly S&P500 Stock Rotation Strategy generated lots of emails on other ideas to try. Below are the results of these ideas Base Rules Backtest from 1/1/2007-12/31/2020. Buy It is the last trading day of the month Stock is a member of the,alvarezquanttrading.com,More ideas for ranking methods on a monthly S&P500 Stock Rotation Strategy || My last post on Different ranking methods for a monthly S&P500 Stock Rotation Strategy generated lots of emails on other ideas to try. Below are the results of these ideas Base Rules Backtest from 1/1/2007-12/31/2020. Buy It is the last trading day of the month Stock is a member of the,2,0,4,0
Where does FX sit in a Systematic Trading Portfolio?,Robot Wealth,https://robotwealth.com/where-does-fx-sit-in-a-systematic-trading-portfolio/?pa=CEFCE36499,"10 Nov 2020, 10:18am","This post is a BONUS LESSON taken directly from Zero to Robot Master Bootcamp. In this Bootcamp, we teach traders how to research, build and trade a portfolio of 3 strategies including an Intraday FX Strategy, a Risk Premia Strategy and a Volatility Basis Strategy. If you’re interested in adding",robotwealth.com,"Where does FX sit in a Systematic Trading Portfolio? || This post is a BONUS LESSON taken directly from Zero to Robot Master Bootcamp. In this Bootcamp, we teach traders how to research, build and trade a portfolio of 3 strategies including an Intraday FX Strategy, a Risk Premia Strategy and a Volatility Basis Strategy. If you’re interested in adding",2,0,4,0
The 50/50 SPY Strategy,Alvarez Quant Trading,https://alvarezquanttrading.com/blog/the-50-50-spy-strategy/,"3 Apr 2019, 12:50pm",I was talking to my trading buddy about the annoying part of trend following strategies. They may get you out of the major sell off but then you miss part of the run up. Using a 200-day moving average on the SPY would have got you out in late 2018. This would have been within 10% from the top and,alvarezquanttrading.com,The 50/50 SPY Strategy || I was talking to my trading buddy about the annoying part of trend following strategies. They may get you out of the major sell off but then you miss part of the run up. Using a 200-day moving average on the SPY would have got you out in late 2018. This would have been within 10% from the top and,2,0,4,0
ConnorsRSI Strategy: Sensitivity Analysis,Alvarez Quant Trading,http://alvarezquanttrading.com/2017/05/03/connorsrsi-strategy-sensitivity-analysis/,"4 May 2017, 04:52am","In Simple ConnorsRSI Strategy on S&P500 Stocks I showed a ConnorsRSI strategy on S&P500 stocks. In ConnorsRSI Strategy: Optimization Selection, I narrowed down the optimization to three potential variations that one could consider trading. This post will explore Sensitivity Analysis (also",alvarezquanttrading.com,"ConnorsRSI Strategy: Sensitivity Analysis || In Simple ConnorsRSI Strategy on S&P500 Stocks I showed a ConnorsRSI strategy on S&P500 stocks. In ConnorsRSI Strategy: Optimization Selection, I narrowed down the optimization to three potential variations that one could consider trading. This post will explore Sensitivity Analysis (also",2,0,4,0
How Many Backtests Is Too Many? We Ran the Same Search Twice to Find Out,Rulyfi,https://rulyfi.com/blog/how-many-backtests-is-too-many,"10 Jul 2026, 07:09pm","Key Takeaways A single strategy, its trades bit-for-bit identical, grades as luck in one scan (deflated Sharpe 0.035, inside a 21.9M-trial search) and close to real in another (0.919, inside 14.8M). The strategy never changed; the crowd it was measured against did. We ran one 5.7-year BTC and ETH",rulyfi.com,"How Many Backtests Is Too Many? We Ran the Same Search Twice to Find Out || Key Takeaways A single strategy, its trades bit-for-bit identical, grades as luck in one scan (deflated Sharpe 0.035, inside a 21.9M-trial search) and close to real in another (0.919, inside 14.8M). The strategy never changed; the crowd it was measured against did. We ran one 5.7-year BTC and ETH",2,0,3,0
Day 1: Benchmarks,OSM,https://www.optionstocksmachines.com/post/2024-10-22-day-1-benchmarks/,"22 Oct 2024, 08:26pm","Yesterday we set out our plan to backtest a strategy using the SPY ETF, which tracks the S&P 500. Before we commence, we obviously need to establish a baseline. What metrics will we use to assess the strategy? How will we define success? What benchmarks will we use? Typically, for a single asset",optionstocksmachines.com,"Day 1: Benchmarks || Yesterday we set out our plan to backtest a strategy using the SPY ETF, which tracks the S&P 500. Before we commence, we obviously need to establish a baseline. What metrics will we use to assess the strategy? How will we define success? What benchmarks will we use? Typically, for a single asset",2,0,3,0
How to use FX carry in trading strategies,SR SV,https://www.sr-sv.com/how-to-use-fx-carry-in-trading-strategies/,"18 Apr 2022, 10:30am","FX forward-implied carry is a valid basis for trading strategies because it is related to divergences in monetary and financial conditions. However, nominal carry is a cheap and rough indicator: related PnLs are highly seasonal, sensitive to global equity markets, and prone to large drawdowns.",sr-sv.com,"How to use FX carry in trading strategies || FX forward-implied carry is a valid basis for trading strategies because it is related to divergences in monetary and financial conditions. However, nominal carry is a cheap and rough indicator: related PnLs are highly seasonal, sensitive to global equity markets, and prone to large drawdowns.",2,0,3,0
"Short-Term Momentum in Stocks, Commodities, and Cryptos",Factor Research,https://insights.factorresearch.com/research-short-term-momentum-in-stocks-commodities-and-cryptos/,"2 Nov 2021, 06:09am","Developed markets have evolved from momentum to mean-reversion markets Other markets like EM or cryptos are momentum-dominated Likely explained by the distribution of retail vs institutional investors INTRODUCTION Markets evolve constantly, but they rarely change structurally. When they do, it is",insights.factorresearch.com,"Short-Term Momentum in Stocks, Commodities, and Cryptos || Developed markets have evolved from momentum to mean-reversion markets Other markets like EM or cryptos are momentum-dominated Likely explained by the distribution of retail vs institutional investors INTRODUCTION Markets evolve constantly, but they rarely change structurally. When they do, it is",2,0,3,0
Trend Following the S&P 500? Some Practical Advice,Alpha Architect,https://alphaarchitect.com/2020/05/18/trend-following-the-sp-500-some-practical-advice/,"19 May 2020, 10:31am","Now that market volatility is back, tail risk management strategies are gaining some attention. A lot of investors are dipping their toe into the water and exploring trend-following strategies on the S&P 500 — arguably the most popular U.S. stock market index.This paper explores multiple trend",alphaarchitect.com,"Trend Following the S&P 500? Some Practical Advice || Now that market volatility is back, tail risk management strategies are gaining some attention. A lot of investors are dipping their toe into the water and exploring trend-following strategies on the S&P 500 — arguably the most popular U.S. stock market index.This paper explores multiple trend",2,0,3,0
Es-CAPE Velocity: Value-Driven Sector Rotation,Flirting with Models,https://blog.thinknewfound.com/2019/08/es-cape-velocity-value-driven-sector-rotation/,"26 Aug 2019, 02:01pm","Systematic value strategies have struggled in the post-2008 environment, so one that has performed well catches our eye. The Barclays Shiller CAPE sector rotation strategy – a value-based sector rotation strategy – has out-performed the S&P 500 by 267 basis points annualized since it",blog.thinknewfound.com,"Es-CAPE Velocity: Value-Driven Sector Rotation || Systematic value strategies have struggled in the post-2008 environment, so one that has performed well catches our eye. The Barclays Shiller CAPE sector rotation strategy – a value-based sector rotation strategy – has out-performed the S&P 500 by 267 basis points annualized since it",2,0,3,0
Testing the Cumulative RSI(2) on Index ETFs,Backtest Wizard,http://backtestwizard.com/the-rsi2-does-it-still-have-an-edge/,"22 Jan 2016, 12:36pm",Joe Marwood has recently posted an article which includes a variety of tests of the RSI(2) when applied to the SPY etf or individual stocks. You can see the original article here. A while back I also tested the RSI(2) on a variety of Equity Index ETFs and I figured that readers might be interested,backtestwizard.com,Testing the Cumulative RSI(2) on Index ETFs || Joe Marwood has recently posted an article which includes a variety of tests of the RSI(2) when applied to the SPY etf or individual stocks. You can see the original article here. A while back I also tested the RSI(2) on a variety of Equity Index ETFs and I figured that readers might be interested,2,0,3,0
Should we consider Gold?,Sharpe Returns,http://www.sharpereturns.ca/2015/10/should-we-consider-gold.html,"3 Oct 2015, 09:51pm","I read a post on Mebane Faber’s blog a few months back about something he calls the “Three-Way Model.” It’s a simple trend following model that uses 3 ETFs: Stocks, Bonds and Gold. The rule is simply: Invest equally in whatever is going ""up"" (ie. 3 month moving average > 10",sharpereturns.ca,"Should we consider Gold? || I read a post on Mebane Faber’s blog a few months back about something he calls the “Three-Way Model.” It’s a simple trend following model that uses 3 ETFs: Stocks, Bonds and Gold. The rule is simply: Invest equally in whatever is going ""up"" (ie. 3 month moving average > 10",2,0,3,0
Friday’s Unfilled Gap Down Completed This Short-Term Bearish Setup,Quantifiable Edges,http://feedproxy.google.com/~r/quantifiableedges/blog/~3/LJiwS6X1pKU/,"15 Jun 2015, 08:55am","Interesting about the action on Friday was that SPY posted an unfilled gap down, and this occurred immediately following an unfilled gap up the day before. The study below was appeared in the Quantifinder. It examines 2-day moves like SPY has just encountered. Based on the numbers there appeared to",feedproxy.google.com,"Friday’s Unfilled Gap Down Completed This Short-Term Bearish Setup || Interesting about the action on Friday was that SPY posted an unfilled gap down, and this occurred immediately following an unfilled gap up the day before. The study below was appeared in the Quantifinder. It examines 2-day moves like SPY has just encountered. Based on the numbers there appeared to",2,0,3,0
Design Patterns for Order Latency - Why You May Need to Implement Your Own Gateway for Trading,Hanguk Quant,https://hangukquant.substack.com/p/design-patterns-for-order-latency,"10 May 2024, 02:04am","Most recently, I announced some coming, exciting upcoming things for quantpylib: Exciting Additions to Quantpylib Exciting Additions to Quantpylib HangukQuant · May 6 Read full story as well as a demontration of its powers: Dual Momentum in Cryptocurrencies? Dual Momentum in Cryptocurrencies?",hangukquant.substack.com,"Design Patterns for Order Latency - Why You May Need to Implement Your Own Gateway for Trading || Most recently, I announced some coming, exciting upcoming things for quantpylib: Exciting Additions to Quantpylib Exciting Additions to Quantpylib HangukQuant · May 6 Read full story as well as a demontration of its powers: Dual Momentum in Cryptocurrencies? Dual Momentum in Cryptocurrencies?",2,0,2,0
"Quant_rv_MV5_big, and a milestone",Babbage9010,https://babbage9010.wordpress.com/2024/01/16/quant_rv_mv5_big-and-a-milestone/,"16 Jan 2024, 09:03pm","The same multi-vol quant strategy we all love, but now with 2000+ vol signals to choose from. quant_rv is a daily SPY strategy that uses realized volatility measures of SPY to predict days of lower volatility ahead, that in turn predict positive returns. In the net, quant_rv wins by very modest",babbage9010.wordpress.com,"Quant_rv_MV5_big, and a milestone || The same multi-vol quant strategy we all love, but now with 2000+ vol signals to choose from. quant_rv is a daily SPY strategy that uses realized volatility measures of SPY to predict days of lower volatility ahead, that in turn predict positive returns. In the net, quant_rv wins by very modest",2,0,2,0
Applying Corrective AI to Daily Seasonal Forex Trading,EP Chan,http://epchan.blogspot.com/2023/03/applying-corrective-ai-to-daily.html,"4 Mar 2023, 05:40pm","We applied Corrective AI (Chan, 2022) to a trading model that takes advantage of the intraday seasonality of forex returns. Breedon and Ranaldo (2012) observed that foreign currencies depreciate vs. the US dollar during their local working hours and appreciate during the local working hours of the",epchan.blogspot.com,"Applying Corrective AI to Daily Seasonal Forex Trading || We applied Corrective AI (Chan, 2022) to a trading model that takes advantage of the intraday seasonality of forex returns. Breedon and Ranaldo (2012) observed that foreign currencies depreciate vs. the US dollar during their local working hours and appreciate during the local working hours of the",2,0,2,0
Modified and balanced FX carry,SR SV,https://research.macrosynergy.com/modified-and-balanced-fx-carry/,"2 Jan 2023, 03:28pm",There are two simple ways to enhance FX carry strategies with economic information. The first increases or reduces the carry signal depending on whether relevant economic indicators reinforce or contradict its direction. The output can be called “modified carry”. It is a gentle adjustment that,research.macrosynergy.com,Modified and balanced FX carry || There are two simple ways to enhance FX carry strategies with economic information. The first increases or reduces the carry signal depending on whether relevant economic indicators reinforce or contradict its direction. The output can be called “modified carry”. It is a gentle adjustment that,2,0,2,0
Positive $SPX Seasonality After the 4th Friday in March,Quantifiable Edges,https://quantifiableedges.com/positive-spx-seasonality-after-the-4th-friday-in-march/,"28 Mar 2022, 08:43pm","There are some bullish forces kicking in the next few weeks. For one, the week after the 4th Friday in March has been a strong one over the last 24 years. (Not as much before that.) We can see this in the study below, which I showed in this weekend’s subscriber letter. Positive SPX seasonality",quantifiableedges.com,"Positive $SPX Seasonality After the 4th Friday in March || There are some bullish forces kicking in the next few weeks. For one, the week after the 4th Friday in March has been a strong one over the last 24 years. (Not as much before that.) We can see this in the study below, which I showed in this weekend’s subscriber letter. Positive SPX seasonality",2,0,2,0
Hurst Exponent - finding the right market for your trading strategy,Philipp Kahler,https://www.quanttrader.com/index.php/hurst-exponent-finding-the-right-market-for-your-trading-strategy/KahlerPhilipp2021,"5 Jan 2021, 10:39am","The Hurst exponent is a measure for the behaviour of the market. It shows if the market behaves in a random, trending or mean-reversion manner. This can be used to select the right trading strategy for your market. Hurst Exponent hurst spx hurst exponent spx The hurst exponent describes the self",quanttrader.com,"Hurst Exponent - finding the right market for your trading strategy || The Hurst exponent is a measure for the behaviour of the market. It shows if the market behaves in a random, trending or mean-reversion manner. This can be used to select the right trading strategy for your market. Hurst Exponent hurst spx hurst exponent spx The hurst exponent describes the self",2,0,2,0
Forex Intraday Seasonality,Dekalog Blog,http://dekalogblog.blogspot.com/2020/07/forex-intraday-seasonality.html,"15 Jul 2020, 08:55pm","Over the last week or so I have been reading about/investigating this post's title matter. Some quotes from various papers' abstracts on the matter are: ""We provide empirical evidence that the unique signature of the FX market seasonality is indeed due to the different time zones",dekalogblog.blogspot.com,"Forex Intraday Seasonality || Over the last week or so I have been reading about/investigating this post's title matter. Some quotes from various papers' abstracts on the matter are: ""We provide empirical evidence that the unique signature of the FX market seasonality is indeed due to the different time zones",2,0,2,0
A Big Gap Up That Wipes Out A Big Loss Yesterday,Quantifiable Edges,https://quantifiableedges.com/a-big-gap-up-that-wipes-out-a-big-loss-yesterday/,"20 May 2020, 09:52am","After closing down more than 1% yesterday, SPY is set to open up enough to erase all of yesterday’s losses. I decided to look back at other times this has happened. SPY Big Gap Up Erases Yesterdays Loss - Open to Close Results Not exactly a consistent edge, but I thought the general upside",quantifiableedges.com,"A Big Gap Up That Wipes Out A Big Loss Yesterday || After closing down more than 1% yesterday, SPY is set to open up enough to erase all of yesterday’s losses. I decided to look back at other times this has happened. SPY Big Gap Up Erases Yesterdays Loss - Open to Close Results Not exactly a consistent edge, but I thought the general upside",2,0,2,0
A Dead Simple 2-Asset Portfolio that Crushes the S&P500 (Part 3),Black Arbs,http://www.blackarbs.com/blog/a-dead-simple-2-asset-portfolio-that-crushes-the-sampp500-part-3,"3 May 2019, 03:04pm","This is an update to the original blog series that explored a simple strategy of being long UPRO and TMF in equal weight, inverse volatility and inverse-inverse volatility. This strategy crushed the cumulative and risk-adjusted returns of the benchmark SPY etf. However through our research we",blackarbs.com,"A Dead Simple 2-Asset Portfolio that Crushes the S&P500 (Part 3) || This is an update to the original blog series that explored a simple strategy of being long UPRO and TMF in equal weight, inverse volatility and inverse-inverse volatility. This strategy crushed the cumulative and risk-adjusted returns of the benchmark SPY etf. However through our research we",2,0,2,0
Simulating Variable FX Swaps in Zorro and Python,Robot Wealth,https://robotwealth.com/simulating-variable-fx-swaps-in-zorro-and-python/,"9 Jul 2018, 07:12pm","One of the ongoing research projects inside the Robot Wealth community involves an FX strategy with some multi-week hold periods. Such a strategy can be significantly impacted by the swap, or the cost of financing the position. These costs change over time, and we decided that for the sake of more",robotwealth.com,"Simulating Variable FX Swaps in Zorro and Python || One of the ongoing research projects inside the Robot Wealth community involves an FX strategy with some multi-week hold periods. Such a strategy can be significantly impacted by the swap, or the cost of financing the position. These costs change over time, and we decided that for the sake of more",2,0,2,0
A Two-Day SPY Pattern Suggesting A Bullish Edge For Wednesday,Quantifiable Edges,http://quantifiableedges.com/a-two-day-spy-pattern-suggesting-a-bullish-edge-for-wednesday/,"28 Feb 2018, 11:20am","SPY gapped up and closed lower Tuesday after leaving an unfilled up gap on Monday. This triggered a simple study that I have examined a number of times over the years in the subscriber letter. The study can be found below. 2018-02-28 The numbers here all look solidly bullish, suggesting a potential",quantifiableedges.com,"A Two-Day SPY Pattern Suggesting A Bullish Edge For Wednesday || SPY gapped up and closed lower Tuesday after leaving an unfilled up gap on Monday. This triggered a simple study that I have examined a number of times over the years in the subscriber letter. The study can be found below. 2018-02-28 The numbers here all look solidly bullish, suggesting a potential",2,0,2,0
Simple ConnorsRSI Strategy on S&P500 Stocks,Alvarez Quant Trading,http://alvarezquanttrading.com/2017/03/15/simple-connorsrsi-strategy-on-sp500-stocks/,"15 Mar 2017, 02:46pm","A frequently asked question is how I pick which variation from an optimization run to trade. This post will cover a ConnorsRSI strategy on S&P500 stocks. We will use a wide range on the parameters to give us lots choices to be used in the next post. I the next post, I will show how I take the",alvarezquanttrading.com,"Simple ConnorsRSI Strategy on S&P500 Stocks || A frequently asked question is how I pick which variation from an optimization run to trade. This post will cover a ConnorsRSI strategy on S&P500 stocks. We will use a wide range on the parameters to give us lots choices to be used in the next post. I the next post, I will show how I take the",2,0,2,0
Hi-Lo Index as a Market Timing Indicator,Alvarez Quant Trading,http://alvarezquanttrading.com/2015/11/11/hi-lo-index-as-a-market-timing-indicator/,"11 Nov 2015, 10:59am","My strategies use a market timing indicator to tell me when I should not be trading the strategy. The blog post, Avoiding Stock Market Crashes with the Hi-Lo Index of the S&P500, presented a very simple idea of using new highs vs new lows. The post tests trading the SPY & IEF but I wanted to",alvarezquanttrading.com,"Hi-Lo Index as a Market Timing Indicator || My strategies use a market timing indicator to tell me when I should not be trading the strategy. The blog post, Avoiding Stock Market Crashes with the Hi-Lo Index of the S&P500, presented a very simple idea of using new highs vs new lows. The post tests trading the SPY & IEF but I wanted to",2,0,2,0
ARIMA+GARCH Trading Strategy on the S&P500 Stock Market Index Using R,Quant Start,https://www.quantstart.com/articles/ARIMA-GARCH-Trading-Strategy-on-the-SP500-Stock-Market-Index-Using-R,"7 Oct 2015, 09:57pm","In this article I want to show you how to apply all of the knowledge gained in the previous time series analysis posts to a trading strategy on the S&P500 US stock market index. We will see that by combining the ARIMA and GARCH models we can significantly outperform a ""Buy-and-Hold""",quantstart.com,"ARIMA+GARCH Trading Strategy on the S&P500 Stock Market Index Using R || In this article I want to show you how to apply all of the knowledge gained in the previous time series analysis posts to a trading strategy on the S&P500 US stock market index. We will see that by combining the ARIMA and GARCH models we can significantly outperform a ""Buy-and-Hold""",2,0,2,0
A Look At The S&P 500 Death Cross,Quantifiable Edges,http://quantifiableedges.com/a-look-at-the-sp-500-death-cross/,"31 Aug 2015, 12:45pm",Notable on Friday was that the 50-day moving average of the SPX closed below its 200-day moving average. This is often referred to as a “Death Cross”. (When the 50ma is above the 200ma that is a “Golden Cross”.) This is the first Death Cross since early 2012. Let’s take a brief look at,quantifiableedges.com,A Look At The S&P 500 Death Cross || Notable on Friday was that the 50-day moving average of the SPX closed below its 200-day moving average. This is often referred to as a “Death Cross”. (When the 50ma is above the 200ma that is a “Golden Cross”.) This is the first Death Cross since early 2012. Let’s take a brief look at,2,0,2,0
Forex Trading Diary #4 - Adding a Backtesting Capability,Quant Start,http://www.quantstart.com/articles/Forex-Trading-Diary-4-Adding-a-Backtesting-Capability,"17 Apr 2015, 10:51am","I've been busy working on the open-source QSForex system over the past week. I've made some useful improvements and I thought I'd share them with you in this forex trading diary update. In particular, I've made the following changes, which will be discussed at length in this",quantstart.com,"Forex Trading Diary #4 - Adding a Backtesting Capability || I've been busy working on the open-source QSForex system over the past week. I've made some useful improvements and I thought I'd share them with you in this forex trading diary update. In particular, I've made the following changes, which will be discussed at length in this",2,0,2,0
RUT Iron Condor - Dynamic Exit - 38 DTE - 16 Delta,DTR Trading,http://dtr-trading.blogspot.com/2015/02/rut-iron-condor-dynamic-exit-38-dte-16.html,"24 Feb 2015, 07:14pm","In this post we will look at the backtest results for dynamic exits of 38 days-to-expiration (DTE) Iron Condors (IC), with 16 delta short strikes, with different profit and loss exits. For some background on how these results are presented, please review the overview and prior 38 DTE posts at: RUT",dtr-trading.blogspot.com,"RUT Iron Condor - Dynamic Exit - 38 DTE - 16 Delta || In this post we will look at the backtest results for dynamic exits of 38 days-to-expiration (DTE) Iron Condors (IC), with 16 delta short strikes, with different profit and loss exits. For some background on how these results are presented, please review the overview and prior 38 DTE posts at: RUT",2,0,2,0
RUT Iron Condor - Dynamic Exit - 38 DTE - 12 Delta,DTR Trading,http://dtr-trading.blogspot.jp/2015/02/rut-iron-condor-dynamic-exit-38-dte-12.html,"17 Feb 2015, 07:52pm","In this post we will look at the backtest results for dynamic exits of 38 days-to-expiration (DTE) Iron Condors (IC), with 12 delta short strikes, with different profit and loss exits. For some background on how these results are presented, please review the overview and prior 38 DTE posts at: RUT",dtr-trading.blogspot.jp,"RUT Iron Condor - Dynamic Exit - 38 DTE - 12 Delta || In this post we will look at the backtest results for dynamic exits of 38 days-to-expiration (DTE) Iron Condors (IC), with 12 delta short strikes, with different profit and loss exits. For some background on how these results are presented, please review the overview and prior 38 DTE posts at: RUT",2,0,2,0
DAX Leadership could signal Europe outperformance,Nautilus Research,https://twitter.com/NautilusCap/status/557898763692683265,"21 Jan 2015, 04:57am",DAX Leadership could signal Europe outperformance,twitter.com,DAX Leadership could signal Europe outperformance || DAX Leadership could signal Europe outperformance,2,0,2,0
How to Design a Simple Multi-Timeframe Trend Strategy on Bitcoin,Quantpedia,https://quantpedia.com/how-to-design-a-simple-multi-timeframe-trend-strategy-on-bitcoin/?a=6080,"14 Nov 2025, 12:52am","Bitcoin is one of the most widely discussed financial assets of the modern era. Since its inception, it has evolved from a niche digital experiment into a globally recognized investment instrument with institutional adoption and billions in daily trading volume. Despite its inherent volatility,",quantpedia.com,"How to Design a Simple Multi-Timeframe Trend Strategy on Bitcoin || Bitcoin is one of the most widely discussed financial assets of the modern era. Since its inception, it has evolved from a niche digital experiment into a globally recognized investment instrument with institutional adoption and billions in daily trading volume. Despite its inherent volatility,",2,0,1,0
Low-Volatility Stocks: Reducing Risk Without Sacrificing Returns,Relative Value Arbitrage,https://blog.harbourfronts.com/2025/05/19/low-volatility-stocks-reducing-risk-without-sacrificing-returns/,"20 May 2025, 11:16pm","The recent market turbulence highlights the need for improved risk management and strategies to reduce portfolio volatility. In this post, I’ll explore how to enhance portfolio diversification using low-volatility stocks. Gold and Low-Volatility Stocks as Diversifiers Gold has long been regarded",blog.harbourfronts.com,"Low-Volatility Stocks: Reducing Risk Without Sacrificing Returns || The recent market turbulence highlights the need for improved risk management and strategies to reduce portfolio volatility. In this post, I’ll explore how to enhance portfolio diversification using low-volatility stocks. Gold and Low-Volatility Stocks as Diversifiers Gold has long been regarded",2,0,1,0
Short-Term Correlated Stress Reversal Trading,Quantpedia,https://quantpedia.com/short-term-correlated-stress-reversal-trading/?a=6080,"26 Apr 2025, 07:33pm","Short-term reversal strategies in U.S. large-cap equity indexes, such as the S&P 500, are well-documented and widely followed. These reversals often occur in response to brief periods of market stress, where sharp declines are followed by quick recoveries (as we have experienced in the last few",quantpedia.com,"Short-Term Correlated Stress Reversal Trading || Short-term reversal strategies in U.S. large-cap equity indexes, such as the S&P 500, are well-documented and widely followed. These reversals often occur in response to brief periods of market stress, where sharp declines are followed by quick recoveries (as we have experienced in the last few",2,0,1,0
Intraday Momentum for ES and NQ,Quantitativo,https://www.quantitativo.com/p/intraday-momentum-for-es-and-nq,"16 Jan 2025, 08:34pm","""If I have seen further, it is by standing on the shoulders of giants.” Sir Isaac Newton. First of all, Happy New Year! When I started Quantitativo a few months ago, I could never expect to gather such an amazing group of like-minded people in such a short time. Your enthusiasm, curiosity,",quantitativo.com,"Intraday Momentum for ES and NQ || ""If I have seen further, it is by standing on the shoulders of giants.” Sir Isaac Newton. First of all, Happy New Year! When I started Quantitativo a few months ago, I could never expect to gather such an amazing group of like-minded people in such a short time. Your enthusiasm, curiosity,",2,0,1,0
Quantifying and Combining Crypto Alphas,Robot Wealth,https://robotwealth.com/quantifying-and-combining-crypto-alphas/,"2 Feb 2024, 06:22pm","In this article, I’ll take some crypto stat arb features from our recent brainstorming article and show you how you might quantify their strength and decay characteristics and then combine them into a trading signal. This article continues our recent articles on stat arb: A short take on stat arb",robotwealth.com,"Quantifying and Combining Crypto Alphas || In this article, I’ll take some crypto stat arb features from our recent brainstorming article and show you how you might quantify their strength and decay characteristics and then combine them into a trading signal. This article continues our recent articles on stat arb: A short take on stat arb",2,0,1,0
Big boost for quant_rv going long/short SPY/SH (Part 11),Babbage9010,https://babbage9010.wordpress.com/2023/11/02/big-boost-for-quant_rv-going-long-short-spy-sh/,"2 Nov 2023, 02:15am","sum: quant_rv was already beating SPY in our last post, with a long-only approach. Testing the remaining (flat) days finds that they’re dominated by losers, so if we go short (using SH ETF) instead of flat, boom! performance jumps again recap quant_rv is a simple quant strategy written in R that",babbage9010.wordpress.com,"Big boost for quant_rv going long/short SPY/SH (Part 11) || sum: quant_rv was already beating SPY in our last post, with a long-only approach. Testing the remaining (flat) days finds that they’re dominated by losers, so if we go short (using SH ETF) instead of flat, boom! performance jumps again recap quant_rv is a simple quant strategy written in R that",2,0,1,0
Finding and analyzing free stock index data with Python and EDGAR,Wrighters.io,https://www.wrighters.io/finding-and-analyzing-free-stock-index-data-with-python-and-edgar/,"18 Oct 2022, 02:01am","A stock index is just a list of stocks. But an index is a special list because investors use it to make investing decisions. An index is constructed via rules about stocks to include, how much to include, and when to include (or remove it). Finding this data, especially for more obscure indexes, can",wrighters.io,"Finding and analyzing free stock index data with Python and EDGAR || A stock index is just a list of stocks. But an index is a special list because investors use it to make investing decisions. An index is constructed via rules about stocks to include, how much to include, and when to include (or remove it). Finding this data, especially for more obscure indexes, can",2,0,1,0
SPX Historically Bullish On Thursday After Memorial Day,Quantifiable Edges,https://quantifiableedges.com/spx-historically-bullish-on-thursday-after-memorial-day/,"28 May 2020, 10:30am","Thursday after Memorial Day has been a day that has exhibited a bullish bias for many years. I last showed this on the blog a couple of years ago. The chart below shows updated results. SPX Perfromance on Thursday After Memorial Day Single-day seasonality can certainly be overrun by other forces,",quantifiableedges.com,"SPX Historically Bullish On Thursday After Memorial Day || Thursday after Memorial Day has been a day that has exhibited a bullish bias for many years. I last showed this on the blog a couple of years ago. The chart below shows updated results. SPX Perfromance on Thursday After Memorial Day Single-day seasonality can certainly be overrun by other forces,",2,0,1,0
When the Wednesday Before Thanksgiving Closes at a New High,Quantifiable Edges,https://quantifiableedges.com/when-the-wednesday-before-thanksgiving-closes-at-a-new-high/,"29 Nov 2019, 05:32am","Thanksgiving has some seasonal tendencies, with Wednesday and Friday often being bullish, and the Monday after being bearish. This year not only did Wednesday perform well, but it left the SPX at a new high heading into the holiday. So I decided to look back at other times SPX closed at a 50-day",quantifiableedges.com,"When the Wednesday Before Thanksgiving Closes at a New High || Thanksgiving has some seasonal tendencies, with Wednesday and Friday often being bullish, and the Monday after being bearish. This year not only did Wednesday perform well, but it left the SPX at a new high heading into the holiday. So I decided to look back at other times SPX closed at a 50-day",2,0,1,0
2 Unfilled Up Gaps And A 50-Day High,Quantifiable Edges,https://quantifiableedges.com/2-unfilled-up-gaps-and-a-50-day-high/,"5 Nov 2019, 09:38am","Monday not only saw SPY make a 50-day high, but it was also the 2nd day in a row with an unfilled gap up. The study below is from last night’s letter and was previously discussed several other times in the subscriber letter (click here for free trial). It examined other times SPY left at least 2",quantifiableedges.com,"2 Unfilled Up Gaps And A 50-Day High || Monday not only saw SPY make a 50-day high, but it was also the 2nd day in a row with an unfilled gap up. The study below is from last night’s letter and was previously discussed several other times in the subscriber letter (click here for free trial). It examined other times SPY left at least 2",2,0,1,0
An Updated Look At Memorial Week Historical $SPX Performance,Quantifiable Edges,http://quantifiableedges.com/an-updated-look-at-memorial-week-historical-spx-performance/,"27 May 2019, 03:07am","The week of Memorial Day has shown some interesting seasonal tendencies over the years. But it has been less consistent recently. The chart below is one I have shown in the past, and have now updated. It examines SPX performance from the Friday before Memorial Day to the Friday after it. 2019-05-24",quantifiableedges.com,"An Updated Look At Memorial Week Historical $SPX Performance || The week of Memorial Day has shown some interesting seasonal tendencies over the years. But it has been less consistent recently. The chart below is one I have shown in the past, and have now updated. It examines SPX performance from the Friday before Memorial Day to the Friday after it. 2019-05-24",2,0,1,0
Exploiting Business Day Patterns in Forex Markets,Quant Rocket,https://www.quantrocket.com/blog/business-day-forex-patterns,"18 Feb 2019, 05:21pm",Do businesses exchange currencies in predictable ways that forex traders can exploit? This post explores an intraday EUR.USD strategy based on the hypothesis that businesses cause currencies to depreciate during local business hours and appreciate during foreign business hours. Business patterns in,quantrocket.com,Exploiting Business Day Patterns in Forex Markets || Do businesses exchange currencies in predictable ways that forex traders can exploit? This post explores an intraday EUR.USD strategy based on the hypothesis that businesses cause currencies to depreciate during local business hours and appreciate during foreign business hours. Business patterns in,2,0,1,0
The Most Wonderful Week of the Year…2018 edition,Quantifiable Edges,http://quantifiableedges.com/the-most-wonderful-week-of-the-year-2018-edition/,"14 Dec 2018, 08:12pm","Over several time horizons op-ex week in December has been the most bullish week of the year for the SPX. The positive seasonality actually has persisted for up to 3 weeks. I’ve shown the study below in the blog many times since 2008. It looks back to 1984, which was the first year that SPX",quantifiableedges.com,"The Most Wonderful Week of the Year…2018 edition || Over several time horizons op-ex week in December has been the most bullish week of the year for the SPX. The positive seasonality actually has persisted for up to 3 weeks. I’ve shown the study below in the blog many times since 2008. It looks back to 1984, which was the first year that SPX",2,0,1,0
The History of Russell 2000 Death Crosses & SPX Performance Following Them,Quantifiable Edges,http://quantifiableedges.com/the-history-of-russell-2000-death-crosses-spx-performance-following-them/,"14 Nov 2018, 09:09pm",I have seen a fair amount of hubbub about the Russell “Death Cross” that is happening today and the potential bearish implications for the market. A “Death Cross” is a catchy (though perhaps not terribly accurate) term for when the 50-day moving average of a security cross below its 200-day,quantifiableedges.com,The History of Russell 2000 Death Crosses & SPX Performance Following Them || I have seen a fair amount of hubbub about the Russell “Death Cross” that is happening today and the potential bearish implications for the market. A “Death Cross” is a catchy (though perhaps not terribly accurate) term for when the 50-day moving average of a security cross below its 200-day,2,0,1,0
Bitcoin Seasonality: Fooled by Randomness,Quant Fiction,http://quantfiction.com/2018/09/28/bitcoin-seasonality-fooled-by-randomness/,"28 Sep 2018, 10:44am","Autumn is my favorite time of year. Football (and more importantly as a Bills fan, fantasy football) is back, everything tastes like pumpkin, and I don’t get sweaty walking around outside. It’s also the start of the cryptocurrency bull season! Or is it? Let’s find out. It’s already started:",quantfiction.com,"Bitcoin Seasonality: Fooled by Randomness || Autumn is my favorite time of year. Football (and more importantly as a Bills fan, fantasy football) is back, everything tastes like pumpkin, and I don’t get sweaty walking around outside. It’s also the start of the cryptocurrency bull season! Or is it? Let’s find out. It’s already started:",2,0,1,0
The Most Wonderful Week Of The Year,Quantifiable Edges,http://quantifiableedges.com/the-most-wonderful-week-of-the-year-2/,"11 Dec 2017, 10:15am","Over several time horizons op-ex week in December has been the most bullish week of the year for the SPX. The positive seasonality actually has persisted for up to 3 weeks. I’ve shown the study below in the blog many times since 2008. It looks back to 1984, which was the first year that SPX",quantifiableedges.com,"The Most Wonderful Week Of The Year || Over several time horizons op-ex week in December has been the most bullish week of the year for the SPX. The positive seasonality actually has persisted for up to 3 weeks. I’ve shown the study below in the blog many times since 2008. It looks back to 1984, which was the first year that SPX",2,0,1,0
SPX Monthly Returns And Tail Risk,DTR Trading,http://dtr-trading.blogspot.com/2017/04/spx-monthly-returns-and-tail-risk.html,"30 Apr 2017, 09:21pm","I had some time yesterday while waiting for an appointment, and re-read ""A Comparison of Tail Risk Protection Strategies in the U.S. Market"". One particular sentence in the paper caught my attention: ""Remarkably, of the 24 months with greater than 5% loss in the S&P 500 between",dtr-trading.blogspot.com,"SPX Monthly Returns And Tail Risk || I had some time yesterday while waiting for an appointment, and re-read ""A Comparison of Tail Risk Protection Strategies in the U.S. Market"". One particular sentence in the paper caught my attention: ""Remarkably, of the 24 months with greater than 5% loss in the S&P 500 between",2,0,1,0
The… Most… Wonderful… Weeeeek… Of…The… Yeeeaaaarrrrr!!,Quantifiable Edges,http://quantifiableedges.com/the-most-wonderful-weeeeek-ofthe-yeeeaaaarrrrr/,"12 Dec 2016, 04:30pm","Over several time horizons op-ex week in December has been the most bullish week of the year for the SPX. The positive seasonality actually has persisted for up to 3 weeks. I’ve shown the study below in the blog many times since 2008. It looks back to 1984, which was the first year that SPX",quantifiableedges.com,"The… Most… Wonderful… Weeeeek… Of…The… Yeeeaaaarrrrr!! || Over several time horizons op-ex week in December has been the most bullish week of the year for the SPX. The positive seasonality actually has persisted for up to 3 weeks. I’ve shown the study below in the blog many times since 2008. It looks back to 1984, which was the first year that SPX",2,0,1,0
Two Recent Papers Related to FX Carry Strategy,Quantpedia,http://quantpedia.com/Blog/Details/two-recent-papers-related-to-fx-carry-strategy?a=6080,"15 Aug 2016, 10:54am","In this paper, we analyse the relationship between the currency carry return and volatility and liquidity risk factors. We find that both categories of risk factors are relevant to understanding and explaining carry return, with an outperformance for volatility ones especially the global FX",quantpedia.com,"Two Recent Papers Related to FX Carry Strategy || In this paper, we analyse the relationship between the currency carry return and volatility and liquidity risk factors. We find that both categories of risk factors are relevant to understanding and explaining carry return, with an outperformance for volatility ones especially the global FX",2,0,1,0
Trading Ethereum: Making 10% every 20 minutes,Jon.IO,http://jon.io/trading-ethereum-making-10-every-20-minutes.html,"28 Jul 2016, 11:09am","This is more of a ""How to build your own algotrading strategy - the Ethereum edition"" and not a ""make money fast"" blog post. It is also a real example with real returns (and real production errors that cost me money) where you can see how to identify opportunities, why",jon.io,"Trading Ethereum: Making 10% every 20 minutes || This is more of a ""How to build your own algotrading strategy - the Ethereum edition"" and not a ""make money fast"" blog post. It is also a real example with real returns (and real production errors that cost me money) where you can see how to identify opportunities, why",2,0,1,0
Order Flow explains FX Carry Trade Strategies,Quantpedia,http://quantpedia.com/Blog/Details/order-flow-explains-fx-carry-trade-strategies?a=6080,"15 Sep 2015, 07:38pm","Authors: Breedon, Rime, Vitale Title: Carry Trades, Order Flow and the Forward Bias Puzzle Link: http://papers.ssrn.com/sol3/papers.cfm?abstract_id=2643531 Abstract: We investigate the relation between foreign exchange (FX) order flow and the forward bias. We outline a decomposition of the forward",quantpedia.com,"Order Flow explains FX Carry Trade Strategies || Authors: Breedon, Rime, Vitale Title: Carry Trades, Order Flow and the Forward Bias Puzzle Link: http://papers.ssrn.com/sol3/papers.cfm?abstract_id=2643531 Abstract: We investigate the relation between foreign exchange (FX) order flow and the forward bias. We outline a decomposition of the forward",2,0,1,0
Forex Trading Diary #6 - Multi-Day Trading and Plotting Results,Quant Start,https://www.quantstart.com/articles/Forex-Trading-Diary-6-Multi-Day-Trading-and-Plotting-Results,"3 Jun 2015, 04:09pm","It's been a while since my latest Forex Trading Diary update. I've been busy working on the new QuantStart Jobs Board and so I've not had as much time as usual to work on QSForex, although I have made some progress! In particular I have been able to add some new features including:",quantstart.com,"Forex Trading Diary #6 - Multi-Day Trading and Plotting Results || It's been a while since my latest Forex Trading Diary update. I've been busy working on the new QuantStart Jobs Board and so I've not had as much time as usual to work on QSForex, although I have made some progress! In particular I have been able to add some new features including:",2,0,1,0
Testing Different Momentum Rules,Backtest Wizard,http://backtestwizard.com/testing-different-momentum-rules/,"11 Apr 2016, 02:41pm","In this article I will test a variety of different momentum indicators which can be used to build a long only equity portfolio which has historically outperformed the market. To begin with, we need a baseline momentum strategy… Baseline Momentum Strategy Rank stocks in the S&P500 by order of 1",backtestwizard.com,"Testing Different Momentum Rules || In this article I will test a variety of different momentum indicators which can be used to build a long only equity portfolio which has historically outperformed the market. To begin with, we need a baseline momentum strategy… Baseline Momentum Strategy Rank stocks in the S&P500 by order of 1",1,0,7,0
Member Note: Our Approach to Selecting Strategies for the Platform,Allocate Smartly,https://allocatesmartly.com/member-note-our-approach-to-selecting-strategies-for-the-platform/?aff=634,"2 Feb 2026, 10:04pm",A long-time member who has been a valuable source of feedback over the years sent us the following note about the most recent strategy added to the platform: Gold Cross-Asset Momentum. The strategy has performed poorly relative to other strategies on the platform. You’ve turned down other stuff,allocatesmartly.com,Member Note: Our Approach to Selecting Strategies for the Platform || A long-time member who has been a valuable source of feedback over the years sent us the following note about the most recent strategy added to the platform: Gold Cross-Asset Momentum. The strategy has performed poorly relative to other strategies on the platform. You’ve turned down other stuff,1,0,5,0
Are There Seasonal Intraday or Overnight Anomalies in Bitcoin?,Quantpedia,https://quantpedia.com/are-there-seasonal-intraday-or-overnight-anomalies-in-bitcoin/?a=6080,"18 Feb 2022, 10:12am","At Quantpedia, we love seasonality effects, and our screener includes several strategies that exploit them. These anomalies are fascinating since they usually offer a favorable risk and reward ratio and are commonly invested only during short periods. Frequently, these strategies are valuable",quantpedia.com,"Are There Seasonal Intraday or Overnight Anomalies in Bitcoin? || At Quantpedia, we love seasonality effects, and our screener includes several strategies that exploit them. These anomalies are fascinating since they usually offer a favorable risk and reward ratio and are commonly invested only during short periods. Frequently, these strategies are valuable",1,0,5,0
Trend Following on Steroids,Alpha Architect,https://alphaarchitect.com/2018/12/07/trend-following-on-steroids/,"7 Dec 2018, 12:41pm",Trend following is well-known and the simplest version is as follows: you buy an asset when it has positive momentum (the price goes up) and you sell it and go to cash (or any other safe haven) when the momentum turns negative.(1) The best-known example of trend following is on the monthly ETF SPY,alphaarchitect.com,Trend Following on Steroids || Trend following is well-known and the simplest version is as follows: you buy an asset when it has positive momentum (the price goes up) and you sell it and go to cash (or any other safe haven) when the momentum turns negative.(1) The best-known example of trend following is on the monthly ETF SPY,1,0,5,0
Refining The 0DTE SPX Breakout Strategy with Evidence-Based Exclusions,Quantish,https://blog.quantish.io/2025/09/24/refining-the-0dte-spx-breakout-strategy/,"25 Sep 2025, 08:41pm","Every quant has been there. You’re backtesting a strategy, the overall results look good, but something feels off when you dig into the day-by-day breakdown. You keep digging while your gut says “this feels like data mining,” but the statistics keep pointing to the same uncomfortable truth –",blog.quantish.io,"Refining The 0DTE SPX Breakout Strategy with Evidence-Based Exclusions || Every quant has been there. You’re backtesting a strategy, the overall results look good, but something feels off when you dig into the day-by-day breakdown. You keep digging while your gut says “this feels like data mining,” but the statistics keep pointing to the same uncomfortable truth –",1,0,4,0
Market intraday momentum,Eran Raviv,https://eranraviv.com/market-intraday-momentum/,"29 Jul 2018, 10:15am","I recently spotted the following intriguing paper: Market intraday momentum. From the abstract of that paper: Based on high frequency S&P 500 exchange-traded fund (ETF) data from 1993–2013, we show an intraday momentum pattern: the first half-hour return on the market as measured from the",eranraviv.com,"Market intraday momentum || I recently spotted the following intriguing paper: Market intraday momentum. From the abstract of that paper: Based on high frequency S&P 500 exchange-traded fund (ETF) data from 1993–2013, we show an intraday momentum pattern: the first half-hour return on the market as measured from the",1,0,4,0
Stress Testing an Intraday Strategy Through Monte Carlo Methods,Flare 9x,https://flare9xblog.com/2018/02/12/stress-testing-an-intraday-strategy-through-monte-carlo-methods/,"20 Feb 2018, 02:03am","This is an intraday ES strategy that I was testing for a client. The client was not interested in it due to the low frequency of trades, hence I may post it for others to view. It shows how a strategy was proved through stress testing and looking for optimal conditions to apply the strategy. The",flare9xblog.com,"Stress Testing an Intraday Strategy Through Monte Carlo Methods || This is an intraday ES strategy that I was testing for a client. The client was not interested in it due to the low frequency of trades, hence I may post it for others to view. It shows how a strategy was proved through stress testing and looking for optimal conditions to apply the strategy. The",1,0,4,0
ConnorsRSI Strategy: Optimization Selection,Alvarez Quant Trading,http://alvarezquanttrading.com/2017/04/12/connorsrsi-strategy-optimization-selection/,"12 Apr 2017, 08:35pm","In the previous post, Simple ConnorsRSI Strategy on S&P500 Stocks, I showed a simple strategy which I optimized which gave 1,300 variations. Today, I will cover various methods to choose a strategy to potentially trade. Goals The goals were to find a variation with over 20% CAR and Max Drawdown",alvarezquanttrading.com,"ConnorsRSI Strategy: Optimization Selection || In the previous post, Simple ConnorsRSI Strategy on S&P500 Stocks, I showed a simple strategy which I optimized which gave 1,300 variations. Today, I will cover various methods to choose a strategy to potentially trade. Goals The goals were to find a variation with over 20% CAR and Max Drawdown",1,0,4,0
Quick observations on the 200-day moving average,Dynamic Hedge,http://www.dynamichedge.com/2015/07/10/quick-observations-on-the-200-day-moving-average/,"12 Jul 2015, 08:47am","The market briefly closed below the 200-day moving average this week so let’s look at some recent history market behavior around the 200-day moving average. If you took every trade (on the next open) after the $SPY closed below the 200-day moving average and held for a month, you would have a",dynamichedge.com,"Quick observations on the 200-day moving average || The market briefly closed below the 200-day moving average this week so let’s look at some recent history market behavior around the 200-day moving average. If you took every trade (on the next open) after the $SPY closed below the 200-day moving average and held for a month, you would have a",1,0,4,0
RUT Iron Condor - Dynamic Exit - 80 DTE - 20 Delta,DTR Trading,http://dtr-trading.blogspot.com/2015/05/rut-iron-condor-dynamic-exit-80-dte-20.html,"8 May 2015, 12:41pm",We're just a few short posts from completing the dynamic exit series. Thanks for hanging in there through this four month process chronicled here: Dynamic Exit Iron Condor Articles! In this post we will look at the backtest results for dynamic exits of the 80 days-to-expiration (DTE) Iron,dtr-trading.blogspot.com,RUT Iron Condor - Dynamic Exit - 80 DTE - 20 Delta || We're just a few short posts from completing the dynamic exit series. Thanks for hanging in there through this four month process chronicled here: Dynamic Exit Iron Condor Articles! In this post we will look at the backtest results for dynamic exits of the 80 days-to-expiration (DTE) Iron,1,0,4,0
Pyramid Your Trading Profits Using the Gator,Tradinformed,https://www.tradinformed.com/pyramid-trading-profits-using-gator-oscillator/,"16 Feb 2015, 07:21pm",In this article I describe the Gator Oscillator and how it can be used as part of a pyramid entry trading system. I show the results of a Gator trading strategy on the S&P500 Index from 2000-2015. Pyramid Entry Systems It is tough to find good trades. In most markets at most times there will,tradinformed.com,Pyramid Your Trading Profits Using the Gator || In this article I describe the Gator Oscillator and how it can be used as part of a pyramid entry trading system. I show the results of a Gator trading strategy on the S&P500 Index from 2000-2015. Pyramid Entry Systems It is tough to find good trades. In most markets at most times there will,1,0,4,0
State of Trend Following: Momentum Still Strong in 2015,Wisdom Trading,http://www.wisdomtrading.com/state-trend-following-momentum-still-strong-2015/,"3 Feb 2015, 03:43am","January started the year as strong — if not stronger — than last year for trend following. Keeping the momentum going, and profiting from a continuation in a few big trends (US Dollar Index, Energies or Swiss Bonds for instance), the index opens the year with a double-digit positive monthly",wisdomtrading.com,"State of Trend Following: Momentum Still Strong in 2015 || January started the year as strong — if not stronger — than last year for trend following. Keeping the momentum going, and profiting from a continuation in a few big trends (US Dollar Index, Energies or Swiss Bonds for instance), the index opens the year with a double-digit positive monthly",1,0,4,0
"Schwab Commission Free ETF Rotation System Backtest $SPY, $TLO, $PCY, $RWO, $SHY",Theta Trend,http://www.thetatrend.com/schwab-commission-free-etf-rotation-system-backtest-spy-tlo-pcy-rwo-shy/,"15 Jan 2015, 06:19am",I’ve been doing a lot of writing about Momentum Based ETF Rotation Systems lately and for good reason. The systems are low maintenance and have historically provided a good return in a variety of market conditions. In this post we’re going to look at backtest results for the Schwab Commission,thetatrend.com,"Schwab Commission Free ETF Rotation System Backtest $SPY, $TLO, $PCY, $RWO, $SHY || I’ve been doing a lot of writing about Momentum Based ETF Rotation Systems lately and for good reason. The systems are low maintenance and have historically provided a good return in a variety of market conditions. In this post we’re going to look at backtest results for the Schwab Commission",1,0,4,0
"Monthly ETF Rotation System Rules & Results - $SCHH, $IYR, $TLO, $SPY",Theta Trend,http://www.thetatrend.com/monthly-etf-rotation-system-rules-results-schh-iyr-tlo-spy/,"8 Jan 2015, 05:19am","As some of you know, I recently began trading two monthly ETF Rotation Systems. One is a Basic ETF Rotation system that trades a diverse group of markets and the other covers similar markets using Schwab Commission Free ETFâ€™s. The Basic System is intended to take the place of the ETF Portion",thetatrend.com,"Monthly ETF Rotation System Rules & Results - $SCHH, $IYR, $TLO, $SPY || As some of you know, I recently began trading two monthly ETF Rotation Systems. One is a Basic ETF Rotation system that trades a diverse group of markets and the other covers similar markets using Schwab Commission Free ETFâ€™s. The Basic System is intended to take the place of the ETF Portion",1,0,4,0
I paper-traded 22 popular crypto strategies on real fees for 10 days. Here's the data.,Strat Proof,https://stratproof.com/blog/paper-trading-22-strategies-real-fees,"3 May 2026, 05:19pm","Why I'm publishing this I wanted to build a trading bot like a lot of people did once Claude integrated with TradingView. Took the leap, my strategies kept failing, and the backtests kept being way too optimistic compared to what happened when I actually ran them. Started digging into why. This",stratproof.com,"I paper-traded 22 popular crypto strategies on real fees for 10 days. Here's the data. || Why I'm publishing this I wanted to build a trading bot like a lot of people did once Claude integrated with TradingView. Took the leap, my strategies kept failing, and the backtests kept being way too optimistic compared to what happened when I actually ran them. Started digging into why. This",1,0,3,0
Day 16: Comps,OSM,https://www.optionstocksmachines.com/post/2024-11-08-day-16-comps/,"10 Nov 2024, 09:14pm","On Day 15 we adjusted our model to use more recent data to forecast the 12-week look forward return. As before, we used that forecast to generate a trading signal that tells us to go long the SPY if the forecast is positive, and exit (or short for the long-short strategy) if otherwise. We saw this",optionstocksmachines.com,"Day 16: Comps || On Day 15 we adjusted our model to use more recent data to forecast the 12-week look forward return. As before, we used that forecast to generate a trading signal that tells us to go long the SPY if the forecast is positive, and exit (or short for the long-short strategy) if otherwise. We saw this",1,0,3,0
Day 2: Hello World,OSM,https://www.optionstocksmachines.com/post/2024-10-23-day-2-hello-world/,"23 Oct 2024, 09:56pm","On Day 1, we decided on a few benchmarks to use for our backtest. That is, a 60-40 and 50-50 weighting of the SPY and IEF ETFs. What we want to add in now is the Hello World version of trading strategies – the 200-DAY MOVING AVERAGE! Why are we adding this to our analysis? As we pointed out",optionstocksmachines.com,"Day 2: Hello World || On Day 1, we decided on a few benchmarks to use for our backtest. That is, a 60-40 and 50-50 weighting of the SPY and IEF ETFs. What we want to add in now is the Hello World version of trading strategies – the 200-DAY MOVING AVERAGE! Why are we adding this to our analysis? As we pointed out",1,0,3,0
Trend Following with Return Stacking,Investing For A Living,https://investingforaliving.us/2024/04/11/trend-following-with-return-stacking/,"11 Apr 2024, 10:22pm","After my last post on using trend following in Crypto markets I thought I’d continue on that thread and look at applying trend following on a newish concept (similar concepts have existed at the institutional level for a long time) in creating diversified portfolios, called return stacking. First,",investingforaliving.us,"Trend Following with Return Stacking || After my last post on using trend following in Crypto markets I thought I’d continue on that thread and look at applying trend following on a newish concept (similar concepts have existed at the institutional level for a long time) in creating diversified portfolios, called return stacking. First,",1,0,3,0
Overnight and Intraday SPX returns,Robot Wealth,https://robotwealth.com/overnight-and-intraday-spx-returns/?pa=CEFCE36499,"5 May 2020, 09:30am",One of the things I’ve noticed from staring at the screen all day for the last few months is that most of the large negative returns in US stock indexes have come overnight. What do you mean by “overnight”? The core stock trading session for US stocks is between 9:30 am and 4 pm Eastern Time.,robotwealth.com,Overnight and Intraday SPX returns || One of the things I’ve noticed from staring at the screen all day for the last few months is that most of the large negative returns in US stock indexes have come overnight. What do you mean by “overnight”? The core stock trading session for US stocks is between 9:30 am and 4 pm Eastern Time.,1,0,3,0
Geek Note: How to Properly Lag Monthly Economic Data,Allocate Smartly,https://allocatesmartly.com/geek-note-how-to-properly-lag-monthly-economic-data/?aff=634,"22 Apr 2020, 12:20pm","We’ll be talking about Paul Novell’s flagship SPY-COMP strategy on the blog tomorrow. The strategy uses monthly economic data, like the kind available from the FRED database. We’ve covered a handful of strategies like this in the past (think Philosophical Economics’ Growth Trend-Timing).",allocatesmartly.com,"Geek Note: How to Properly Lag Monthly Economic Data || We’ll be talking about Paul Novell’s flagship SPY-COMP strategy on the blog tomorrow. The strategy uses monthly economic data, like the kind available from the FRED database. We’ve covered a handful of strategies like this in the past (think Philosophical Economics’ Growth Trend-Timing).",1,0,3,0
Backtesting a Dividend Strategy,Alvarez Quant Trading,https://alvarezquanttrading.com/blog/backtesting-a-dividend-strategy/,"17 Oct 2018, 02:19pm",I was recently at a NWTTA presentation about the “S&P 500 Dividend Aristocrats” and how to trade these stocks. The strategy was part quantitative and part discretionary. It was popular talk with lots of good questions. People always seem interested in dividend stocks but for me they are just,alvarezquanttrading.com,Backtesting a Dividend Strategy || I was recently at a NWTTA presentation about the “S&P 500 Dividend Aristocrats” and how to trade these stocks. The strategy was part quantitative and part discretionary. It was popular talk with lots of good questions. People always seem interested in dividend stocks but for me they are just,1,0,3,0
SPY Mean Reversion With John Ehlers Adaptive RSI,Flare 9x,https://flare9xblog.com/2018/08/07/spy-mean-reversion-with-john-ehlers-adaptive-rsi/,"8 Aug 2018, 07:37pm",It has been a busy few months. I have been exploring market indicators that John Ehlers has created which he publicly made available in his book: Cycle Analytics for Traders : Advanced Technical Trading Concepts. The key theme of his book is applying digital signal processing filters to better,flare9xblog.com,SPY Mean Reversion With John Ehlers Adaptive RSI || It has been a busy few months. I have been exploring market indicators that John Ehlers has created which he publicly made available in his book: Cycle Analytics for Traders : Advanced Technical Trading Concepts. The key theme of his book is applying digital signal processing filters to better,1,0,3,0
Mixed Copula Pairs Trading Strategy,Quantpedia,https://quantpedia.com/Blog/Details/mixed-copula-pairs-trading-strategy?a=6080,"21 Feb 2018, 04:30pm","We carry out a study to evaluate and compare the relative performance of the distance and mixed copula pairs trading strategies. Using data from the S&P 500 stocks from 1990 to 2015, we find that the mixed copula strategy is able to generate a higher mean excess return than the traditional",quantpedia.com,"Mixed Copula Pairs Trading Strategy || We carry out a study to evaluate and compare the relative performance of the distance and mixed copula pairs trading strategies. Using data from the S&P 500 stocks from 1990 to 2015, we find that the mixed copula strategy is able to generate a higher mean excess return than the traditional",1,0,3,0
Trend Following Via Slope,Relative Value,http://www.relativevalue.com.au/blog/trend-following-using-slope,"3 Dec 2015, 12:41am","Linear regression slope is another tool one can use to sidestep potentially sticky situations. The following algorithms hold a full position in SPY but liquidate whenever the slope of closing prices turn negative. Starting Capital of $100,000 and backtest period from 2/2003 and 11/2015. Strategy End",relativevalue.com.au,"Trend Following Via Slope || Linear regression slope is another tool one can use to sidestep potentially sticky situations. The following algorithms hold a full position in SPY but liquidate whenever the slope of closing prices turn negative. Starting Capital of $100,000 and backtest period from 2/2003 and 11/2015. Strategy End",1,0,3,0
Announcing the QuantStart Advanced Trading Infrastructure Article Series,Quant Start,https://www.quantstart.com/articles/Announcing-the-QuantStart-Advanced-Trading-Infrastructure-Article-Series,"30 Nov 2015, 11:22pm","To date on QuantStart we have considered two major quantitative backtesting and live trading engines. The first arised from the Event-Drive Backtesting series I wrote back in March 2014. The second is QSForex, an open-source backtest and live trading engine that hooks into the OANDA Forex Broker",quantstart.com,"Announcing the QuantStart Advanced Trading Infrastructure Article Series || To date on QuantStart we have considered two major quantitative backtesting and live trading engines. The first arised from the Event-Drive Backtesting series I wrote back in March 2014. The second is QSForex, an open-source backtest and live trading engine that hooks into the OANDA Forex Broker",1,0,3,0
PDF: Learning to Play Offense and Defense: Combining Value and Momentum,Meb Faber,http://papers.ssrn.com/sol3/papers.cfm?abstract_id=2669202,"11 Oct 2015, 09:55pm","Abstract: Sorting stocks based on value and momentum factors historically has led to outperformance over the broad US stock market. However, any long-only strategy is subject to similar volatility and drawdowns as the S&P 500. Drawdowns of 50%, or even 60-90% make implementation of a stock",papers.ssrn.com,"PDF: Learning to Play Offense and Defense: Combining Value and Momentum || Abstract: Sorting stocks based on value and momentum factors historically has led to outperformance over the broad US stock market. However, any long-only strategy is subject to similar volatility and drawdowns as the S&P 500. Drawdowns of 50%, or even 60-90% make implementation of a stock",1,0,3,0
Accentuating,John Orford,http://blog.johnorford.com/2015/10/03/accentuate-the-positive/,"3 Oct 2015, 09:51pm","A bunch of people got in touch about the recent 'Duality' strategy. Frankly, I see a result and post it up here, thinking these ideas through as I write and as you read 'em. I used current DJIA constituents to backtest the strategy, but mentioned the need to test with random",blog.johnorford.com,"Accentuating || A bunch of people got in touch about the recent 'Duality' strategy. Frankly, I see a result and post it up here, thinking these ideas through as I write and as you read 'em. I used current DJIA constituents to backtest the strategy, but mentioned the need to test with random",1,0,3,0
Financial Rohrschach Plot,John Orford,http://blog.johnorford.com/2015/08/22/by-popular-deman/,"23 Aug 2015, 02:12am","Here's a cumulative return plot of the lazy Drop the Mic trading strategy outlined yesterday. Long periods of flatlining show when the strategy is in hibernation. Just for fun, here is how the strategy weights its holding in the S&P 500 over time. How often do you see a symmetric picture",blog.johnorford.com,"Financial Rohrschach Plot || Here's a cumulative return plot of the lazy Drop the Mic trading strategy outlined yesterday. Long periods of flatlining show when the strategy is in hibernation. Just for fun, here is how the strategy weights its holding in the S&P 500 over time. How often do you see a symmetric picture",1,0,3,0
New related paper to #8 - FX Momentum,Quantpedia,http://quantpedia.com/Blog/Details/new-related-paper-to-8-fx-momentum?a=6080,"24 Jun 2015, 12:46pm","Authors: Grobis, Heinonen Title: Is Momentum in Currency Markets Driven by Global Economic Risk? Link: http://papers.ssrn.com/sol3/papers.cfm?abstract_id=2619146 Abstract: This article documents a robust link between the returns of the momentum anomaly implemented in currency markets and global",quantpedia.com,"New related paper to #8 - FX Momentum || Authors: Grobis, Heinonen Title: Is Momentum in Currency Markets Driven by Global Economic Risk? Link: http://papers.ssrn.com/sol3/papers.cfm?abstract_id=2619146 Abstract: This article documents a robust link between the returns of the momentum anomaly implemented in currency markets and global",1,0,3,0
The Lazarus Trade - Mean Reversion in the S&P500 Index At Easter,Jonathan Kinlay,http://jonathankinlay.com/index.php/2015/03/lazarus-trade-easter-mean-reversion-sp500-index/,"31 Mar 2015, 10:28am","A perennial favorite with investors, presumably because they are easy to understand and implement, are trades based on a regularly occurring pattern, preferably one that is seasonal in nature. A well-known example is the Christmas effect, wherein equities generally make their highest risk-adjusted",jonathankinlay.com,"The Lazarus Trade - Mean Reversion in the S&P500 Index At Easter || A perennial favorite with investors, presumably because they are easy to understand and implement, are trades based on a regularly occurring pattern, preferably one that is seasonal in nature. A well-known example is the Christmas effect, wherein equities generally make their highest risk-adjusted",1,0,3,0
What Should You Change First in a Crypto Backtest? 99.75 Million Tests,Rulyfi,https://rulyfi.com/blog/which-backtest-knob-changes-what,"23 Jul 2026, 08:00pm","Key takeaways Neither entries nor exits controlled every result. Win rate was more sensitive to exits in all ten market-direction jobs, while maximum drawdown was more sensitive to entries in all ten. Changing an entry indicator was a much larger move than nudging that indicator's period.",rulyfi.com,"What Should You Change First in a Crypto Backtest? 99.75 Million Tests || Key takeaways Neither entries nor exits controlled every result. Win rate was more sensitive to exits in all ten market-direction jobs, while maximum drawdown was more sensitive to entries in all ten. Changing an entry indicator was a much larger move than nudging that indicator's period.",1,0,2,0
ChatGPT in Systematic Investing - Enhancing Risk-Adjusted Returns with LLMs,Concretum Group,https://concretumgroup.com/chatgpt-in-systematic-investing-enhancing-risk-adjusted-returns-with-llms/,"2 Nov 2025, 08:44pm",This paper investigates whether large language models (LLMs) can improve cross-sectional momentum strategies by extracting predictive signals from firm-specific news. We combine daily U.S. equity returns for S&P 500 constituents with high-frequency news data and use prompt-engineered queries to,concretumgroup.com,ChatGPT in Systematic Investing - Enhancing Risk-Adjusted Returns with LLMs || This paper investigates whether large language models (LLMs) can improve cross-sectional momentum strategies by extracting predictive signals from firm-specific news. We combine daily U.S. equity returns for S&P 500 constituents with high-frequency news data and use prompt-engineered queries to,1,0,2,0
A Better Stock Rotation System,Financial Hacker,https://financial-hacker.com/a-better-stock-rotation-system/,"8 Sep 2025, 10:52pm","A stock rotation system is normally a safe haven, compared to other algorithmic systems. There’s no risk of losing all capital, and you can expect small but steady gains. The catch: Most of those systems, and also the ETFs derived from them, do not fare better than the stock index. Many fare even",financial-hacker.com,"A Better Stock Rotation System || A stock rotation system is normally a safe haven, compared to other algorithmic systems. There’s no risk of losing all capital, and you can expect small but steady gains. The catch: Most of those systems, and also the ETFs derived from them, do not fare better than the stock index. Many fare even",1,0,2,0
Overnight Crypto Returns,Falkenblog,https://efalken.substack.com/p/overnight-crypto-returns,"3 Aug 2025, 07:14pm","On Monday, I examined the flaw in capturing the overnight equity return anomaly. The basic issue was that the anomaly shrank considerably after the 2008 bear market, and given that one has to turn over the entire portfolio twice a day, the minuscule transaction costs eliminate any alpha. The guys",efalken.substack.com,"Overnight Crypto Returns || On Monday, I examined the flaw in capturing the overnight equity return anomaly. The basic issue was that the anomaly shrank considerably after the 2008 bear market, and given that one has to turn over the entire portfolio twice a day, the minuscule transaction costs eliminate any alpha. The guys",1,0,2,0
Day 17: Drawdowns,OSM,https://www.optionstocksmachines.com/post/2024-11-11-day-17-drawdowns/,"12 Nov 2024, 10:34pm","On Day 16, we showed the adjusted 12-by-12 strategy with full performance metrics against buy-and-hold, the 60-40 SPY-IEF ETF portfolio, and the 200-day SMA strategy. In all cases, it tended to perform better than the benchmarks. However, against the 200-day SMA that performance came primarily at",optionstocksmachines.com,"Day 17: Drawdowns || On Day 16, we showed the adjusted 12-by-12 strategy with full performance metrics against buy-and-hold, the 60-40 SPY-IEF ETF portfolio, and the 200-day SMA strategy. In all cases, it tended to perform better than the benchmarks. However, against the 200-day SMA that performance came primarily at",1,0,2,0
The Seasonality of Bitcoin,Quantpedia,https://quantpedia.com/the-seasonality-of-bitcoin/?a=6080,"13 Sep 2023, 09:28pm","Seasonality effects, one of the most fascinating phenomena in the world of finance, have captured the attention of investors and researchers worldwide. Since these anomalies are often driven by factors other than general market trends, they usually don’t correlate strongly with market movements,",quantpedia.com,"The Seasonality of Bitcoin || Seasonality effects, one of the most fascinating phenomena in the world of finance, have captured the attention of investors and researchers worldwide. Since these anomalies are often driven by factors other than general market trends, they usually don’t correlate strongly with market movements,",1,0,2,0
Russell Death Cross Implications for SPX,Quantifiable Edges,https://quantifiableedges.com/russell-death-cross-implications-for-spx/,"24 Apr 2023, 10:28pm",I have seen some chat about the Russell “Death Cross” that occurred on Friday and the potential bearish implications for the market. A “Death Cross” is a catchy (though not terribly accurate) term for when the 50-day moving average of a security cross below its 200-day moving average. It is,quantifiableedges.com,Russell Death Cross Implications for SPX || I have seen some chat about the Russell “Death Cross” that occurred on Friday and the potential bearish implications for the market. A “Death Cross” is a catchy (though not terribly accurate) term for when the 50-day moving average of a security cross below its 200-day moving average. It is,1,0,2,0
Multi-Strategy Hedge Funds: Jack of All Trades?,Finominal,https://insights.finominal.com/research-multi-strategy-hedge-funds-jack-of-all-trades/,"13 Mar 2023, 10:11pm","A few select multi-strategy hedge funds generated outsized returns in 2022 However, the average fund lost money The average fund can be simply replicated via the S&P 500 & cash INTRODUCTION Citadel made $16 billion in profits in 2022, Millenium $8.0 billion, and Point 72 $2.4 billion. These",insights.finominal.com,"Multi-Strategy Hedge Funds: Jack of All Trades? || A few select multi-strategy hedge funds generated outsized returns in 2022 However, the average fund lost money The average fund can be simply replicated via the S&P 500 & cash INTRODUCTION Citadel made $16 billion in profits in 2022, Millenium $8.0 billion, and Point 72 $2.4 billion. These",1,0,2,0
Analyzing U.S. election cycle seasonality in the S&P 500,Quant Dare,https://quantdare.com/analyzing-u-s-election-cycle-seasonality-in-the-sp-500/,"14 Sep 2022, 11:26am","Everyone is aware of the importance of the U.S. elections and we take it for granted that, like many other things, financial markets will end up being affected in some way. But have you ever wondered if there is any seasonality throughout those elections that we can take advantage of when making",quantdare.com,"Analyzing U.S. election cycle seasonality in the S&P 500 || Everyone is aware of the importance of the U.S. elections and we take it for granted that, like many other things, financial markets will end up being affected in some way. But have you ever wondered if there is any seasonality throughout those elections that we can take advantage of when making",1,0,2,0
Is there any edge in holding stocks overnight? Correction,Rotating Stocks,https://www.rotatingstocks.com/is-there-any-edge-in-holding-stocks-overnight-ii/,"15 Mar 2022, 11:02am","In my previous post I discussed about trading overnight, since there was a clear edge holding the SPY over night. But due to small mistake that I made in my testing the results were bad and the edge disappeared. The mistake was setting commissions as 0.05 $ per share instead of 0.005$ per share.",rotatingstocks.com,"Is there any edge in holding stocks overnight? Correction || In my previous post I discussed about trading overnight, since there was a clear edge holding the SPY over night. But due to small mistake that I made in my testing the results were bad and the edge disappeared. The mistake was setting commissions as 0.05 $ per share instead of 0.005$ per share.",1,0,2,0
Is there any edge in holding stocks overnight?,Rotating Stocks,https://www.rotatingstocks.com/is-there-any-edge-in-holding-stocks-overnight/,"26 Feb 2022, 10:47am","Holding stocks overnight is when we buy the close and sell the following day on the open. Is there any edge in this approach in comparison to buying the open and selling the close. Today we will check this phenomenon. We will check the performance of the SPY, then we will try to check it on",rotatingstocks.com,"Is there any edge in holding stocks overnight? || Holding stocks overnight is when we buy the close and sell the following day on the open. Is there any edge in this approach in comparison to buying the open and selling the close. Today we will check this phenomenon. We will check the performance of the SPY, then we will try to check it on",1,0,2,0
SP-500 Seasonality,Alvarez Quant Trading,https://alvarezquanttrading.com/blog/sp-500-seasonality/,"14 Jan 2022, 09:15am",I’ve been seeing lots of seasonality type charts on the S&P500 where they take the average return for each day of the year and then create a return curve for the year. The chart often ‘shows’ the sell in May and buy in November flatness of the returns. And then the holiday end of the year,alvarezquanttrading.com,SP-500 Seasonality || I’ve been seeing lots of seasonality type charts on the S&P500 where they take the average return for each day of the year and then create a return curve for the year. The chart often ‘shows’ the sell in May and buy in November flatness of the returns. And then the holiday end of the year,1,0,2,0
Long Volatility Strategies: Hedge Funds vs DIY,Factor Research,https://insights.factorresearch.com/research-long-volatility-strategies-hedge-funds-vs-diy/,"18 Oct 2021, 10:36am","Long volatility exposure is typically achieved via hedge funds A simple DIY strategy would have generated similar attractive diversification benefits Most of the returns are explained by risk-off currencies, government bonds, and gold INTRODUCTION Do-it-yourself is the best and worst financial",insights.factorresearch.com,"Long Volatility Strategies: Hedge Funds vs DIY || Long volatility exposure is typically achieved via hedge funds A simple DIY strategy would have generated similar attractive diversification benefits Most of the returns are explained by risk-off currencies, government bonds, and gold INTRODUCTION Do-it-yourself is the best and worst financial",1,0,2,0
New Site! Designing a high-frequency-trading system/simulation lab,Caravaggio in Binary,http://www.caravaggioinbinary.com/HFT-Simulation-Lab/,"13 Sep 2021, 10:40am","This text is a primer on how to develop a high-frequency-trading system/simulation lab, with focus on the Nasdaq exchange and the ITCH protocol. The code is entirely written in C and follows the data-oriented-design methodology. The reason for picking C instead of C++, when the latter is the",caravaggioinbinary.com,"New Site! Designing a high-frequency-trading system/simulation lab || This text is a primer on how to develop a high-frequency-trading system/simulation lab, with focus on the Nasdaq exchange and the ITCH protocol. The code is entirely written in C and follows the data-oriented-design methodology. The reason for picking C instead of C++, when the latter is the",1,0,2,0
Different ranking methods for a monthly S&P500 Stock Rotation Strategy,Alvarez Quant Trading,https://alvarezquanttrading.com/blog/different-ranking-methods-for-a-monthly-sp500-stock-rotation-strategy/,"12 May 2021, 12:49pm","Recently for my own trading, I have been researching rotational strategies on both the weekly and monthly timeframes. The most common indicator that I use for ranking stocks is Rate of Change (ROC) of the closing price. I read about using Rate of Change on the EMA to rank stocks. I liked a small",alvarezquanttrading.com,"Different ranking methods for a monthly S&P500 Stock Rotation Strategy || Recently for my own trading, I have been researching rotational strategies on both the weekly and monthly timeframes. The most common indicator that I use for ranking stocks is Rate of Change (ROC) of the closing price. I read about using Rate of Change on the EMA to rank stocks. I liked a small",1,0,2,0
Trading Costs Wipe Out the Overnight Return Anomaly,Alpha Architect,https://alphaarchitect.com/2020/06/16/trading-costs-wipe-out-the-overnight-return-anomaly/,"16 Jun 2020, 12:53pm","At least once a year, the press and Twittersphere propagate the mistaken idea that investors can earn excess returns by buying the S&P 500 at the close of the market, then selling it at the open the next day. The logic is that by exposing themselves to only overnight returns, investors can seek",alphaarchitect.com,"Trading Costs Wipe Out the Overnight Return Anomaly || At least once a year, the press and Twittersphere propagate the mistaken idea that investors can earn excess returns by buying the S&P 500 at the close of the market, then selling it at the open the next day. The logic is that by exposing themselves to only overnight returns, investors can seek",1,0,2,0
A Dead Simple 2-Asset Portfolio that Crushes the S&P500 (Part 4),Black Arbs,http://www.blackarbs.com/blog/a-dead-simple-2-asset-portfolio-that-crushes-the-sampp500-part-4,"20 May 2019, 12:39pm","In Part 3 of the series we reviewed the relationship between returns and correlation of the 2-asset portfolio UPRO and TMF. The basic equal weight strategy was very compelling in terms of total return and CAGR. However, the strategy is susceptible to large drawdowns, especially in situations where",blackarbs.com,"A Dead Simple 2-Asset Portfolio that Crushes the S&P500 (Part 4) || In Part 3 of the series we reviewed the relationship between returns and correlation of the 2-asset portfolio UPRO and TMF. The basic equal weight strategy was very compelling in terms of total return and CAGR. However, the strategy is susceptible to large drawdowns, especially in situations where",1,0,2,0
90 Years Of Death Crosses,Quantifiable Edges,http://quantifiableedges.com/90-years-of-death-crosses/,"7 Dec 2018, 12:41pm","The SPX could complete a “Death Cross” formation today or tomorrow, in which the 50-day moving average crosses below the 200-day moving average. In the past I have looked back to 1960 when examining Death Crosses. This time I decided to use Amibroker with my Norgate database, which goes back to",quantifiableedges.com,"90 Years Of Death Crosses || The SPX could complete a “Death Cross” formation today or tomorrow, in which the 50-day moving average crosses below the 200-day moving average. In the past I have looked back to 1960 when examining Death Crosses. This time I decided to use Amibroker with my Norgate database, which goes back to",1,0,2,0
Short-Term Momentum in Equity Factors,Factor Research,https://www.factorresearch.com/research-short-term-momentum-in-equity-factors,"17 Sep 2018, 10:52am","Short-term momentum persists in common equity factors The persistence is strong in Value and Dividend Yield However, these results conflict with short-term mean-reversion on equity index level INTRODUCTION When Trump won the US presidential election in November 2016, small and cheap stocks started",factorresearch.com,"Short-Term Momentum in Equity Factors || Short-term momentum persists in common equity factors The persistence is strong in Value and Dividend Yield However, these results conflict with short-term mean-reversion on equity index level INTRODUCTION When Trump won the US presidential election in November 2016, small and cheap stocks started",1,0,2,0
How Seasonality The Week Of Memorial Day Has Changed Over The Years,Quantifiable Edges,http://quantifiableedges.com/how-seasonality-the-week-of-memorial-day-has-changed-over-the-years/,"29 May 2018, 10:26am","Happy Memorial Day! The week of Memorial Day has shown some interesting seasonal tendencies over the years. But it has faltered greatly the last few. The chart below is one I have shown in the past, and have now updated. It examines SPX performance from the Friday before Memorial Day to the Friday",quantifiableedges.com,"How Seasonality The Week Of Memorial Day Has Changed Over The Years || Happy Memorial Day! The week of Memorial Day has shown some interesting seasonal tendencies over the years. But it has faltered greatly the last few. The chart below is one I have shown in the past, and have now updated. It examines SPX performance from the Friday before Memorial Day to the Friday",1,0,2,0
"What SPY’s Gap Up, Reverse Down & Rebound Back Up From Friday Suggest For This Week",Quantifiable Edges,http://quantifiableedges.com/what-spys-gap-up-reverse-down-rebound-back-up-from-friday-suggest-for-this-week/,"12 Feb 2018, 11:30am","The sizable gap up, pullback, and then move back higher on Friday triggered an old Quantifinder study for the 1st time in a long time. Below is the full list of trades with a 5-day holding period. 2018-02-11 All 8 instances saw run-ups of at least 1%, and they all closed positive. While instances",quantifiableedges.com,"What SPY’s Gap Up, Reverse Down & Rebound Back Up From Friday Suggest For This Week || The sizable gap up, pullback, and then move back higher on Friday triggered an old Quantifinder study for the 1st time in a long time. Below is the full list of trades with a 5-day holding period. 2018-02-11 All 8 instances saw run-ups of at least 1%, and they all closed positive. While instances",1,0,2,0
This Study Suggests Intermediate-Term Momentum Is Strong Enough To Persist A While Longer,Quantifiable Edges,http://quantifiableedges.com/this-study-suggests-intermedite-term-momentum-is-strong-enough-to-persist-a-while-longer/,"4 Jun 2017, 02:26am","One study from the Quantifinder that triggered last has some potential intermediate-term implications, and it is fairly interesting, so I figured I would share it. This study looked at the SPX closing price in relation to its 50-day Bollinger Bands, and the fact that we are now extended upwards. I",quantifiableedges.com,"This Study Suggests Intermediate-Term Momentum Is Strong Enough To Persist A While Longer || One study from the Quantifinder that triggered last has some potential intermediate-term implications, and it is fairly interesting, so I figured I would share it. This study looked at the SPX closing price in relation to its 50-day Bollinger Bands, and the fact that we are now extended upwards. I",1,0,2,0
Demystifying Bollinger Bands,Milton FMR,https://miltonfmr.com/demystifying-bollinger-bands/,"15 Apr 2017, 09:28pm",How do we know if a price is right and when do we enter the trade ? Is the S&P 500 Index trading at 2355 for that day to high or to low. Should I buy or sell ? Proponents of the Bollinger Band say that this indicator can greatly improve your odds in being on the right side of the market. The,miltonfmr.com,Demystifying Bollinger Bands || How do we know if a price is right and when do we enter the trade ? Is the S&P 500 Index trading at 2355 for that day to high or to low. Should I buy or sell ? Proponents of the Bollinger Band say that this indicator can greatly improve your odds in being on the right side of the market. The,1,0,2,0
Genetic algorithm for trading in Cpp,Imanol Perez,https://git.maths.ox.ac.uk/perez/Genetic-algorithm-for-trading-in-cpp,"1 Jan 2017, 08:57am","This code tries to show how to use genetic algorithms to create a simple trading strategy. It is intended as a proof of concept, rather than trying to provide a ready-to-use strategy. The historical data used is the following: SP500.dat. It is the closing prices of S&P 500 from 2006/12/18 to",git.maths.ox.ac.uk,"Genetic algorithm for trading in Cpp || This code tries to show how to use genetic algorithms to create a simple trading strategy. It is intended as a proof of concept, rather than trying to provide a ready-to-use strategy. The historical data used is the following: SP500.dat. It is the closing prices of S&P 500 from 2006/12/18 to",1,0,2,0
Strategy Up/Down Capture,Alvarez Quant Trading,http://alvarezquanttrading.com/2016/09/07/strategy-updown-capture/,"7 Sep 2016, 12:19pm",A reader sent this interesting link about Up/Down Capture. The great part about this article it is something I have intuitively known about my trading strategies but never tried to quantify. This was the bump I needed to investigate this concept. When the SPY moves up on average how much does my,alvarezquanttrading.com,Strategy Up/Down Capture || A reader sent this interesting link about Up/Down Capture. The great part about this article it is something I have intuitively known about my trading strategies but never tried to quantify. This was the bump I needed to investigate this concept. When the SPY moves up on average how much does my,1,0,2,0
Paper: Stock Portfolio Design and Backtest Overfitting (h/t Abnormal Returns),,http://papers.ssrn.com/sol3/papers.cfm?abstract_id=2739335,"1 Aug 2016, 01:34pm","We demonstrate a computer program that designs a portfolio consisting of common securities, such as the constituents of the S&P 500 index, that achieves any desired profile via in-sample backtest optimization. Unfortunately, the program also shows that these portfolios typically perform",papers.ssrn.com,"Paper: Stock Portfolio Design and Backtest Overfitting (h/t Abnormal Returns) || We demonstrate a computer program that designs a portfolio consisting of common securities, such as the constituents of the S&P 500 index, that achieves any desired profile via in-sample backtest optimization. Unfortunately, the program also shows that these portfolios typically perform",1,0,2,0
Cointegrated Time Series Analysis for Mean Reversion Trading with R,Quant Start,https://www.quantstart.com/articles/Cointegrated-Time-Series-Analysis-for-Mean-Reversion-Trading-with-R,"2 Jun 2016, 10:27am",A while back we considered a trading model based on the application of the ARIMA and GARCH time series models to daily S&P500 data. We mentioned in that article as well as other previous time series analysis articles that we would eventually be considering mean reverting trading strategies and,quantstart.com,Cointegrated Time Series Analysis for Mean Reversion Trading with R || A while back we considered a trading model based on the application of the ARIMA and GARCH time series models to daily S&P500 data. We mentioned in that article as well as other previous time series analysis articles that we would eventually be considering mean reverting trading strategies and,1,0,2,0
A Long Term Look At Memorial Week Seasonality,Quantifiable Edges,http://quantifiableedges.com/a-long-term-look-at-memorial-week-seasonality/,"30 May 2016, 11:22pm",The week of Memorial Day has shown some interesting seasonal tendencies over the years. And for a long time it exhibited consistent bullishness. But it has faltered greatly the last several years. The chart below examines SPX performance from the Friday before Memorial Day to the Friday after it.,quantifiableedges.com,A Long Term Look At Memorial Week Seasonality || The week of Memorial Day has shown some interesting seasonal tendencies over the years. And for a long time it exhibited consistent bullishness. But it has faltered greatly the last several years. The chart below examines SPX performance from the Friday before Memorial Day to the Friday after it.,1,0,2,0
Making new equity highs. It happens less than you think,Alvarez Quant Trading,http://alvarezquanttrading.com/2016/05/04/making-new-equity-highs-it-happens-less-than-you-think/,"4 May 2016, 07:28pm","A reader sent me a link to presentation, Robert Frey – 180 years of Market Drawdowns, about drawdowns and the time that a strategy is underwater. I highly suggest you watch it. I wanted to perform my own analysis on how often a buy and hold strategy on the S&P500 index is making new equity",alvarezquanttrading.com,"Making new equity highs. It happens less than you think || A reader sent me a link to presentation, Robert Frey – 180 years of Market Drawdowns, about drawdowns and the time that a strategy is underwater. I highly suggest you watch it. I wanted to perform my own analysis on how often a buy and hold strategy on the S&P500 index is making new equity",1,0,2,0
RSI(2)≤25 X6!,Throwing Good Money,http://throwinggoodmoney.com/2016/01/rsi2/,"8 Jan 2016, 10:44pm","Today marks the sixth day in the row that the S&P 500’s RSI(2) value was under 25.* Since Jan 1 2000, this has happened only 15 times prior to today. So I thought it would be fun to see what the forward return has been after these events. Here’s a handy spreadsheet. I calculated the forward",throwinggoodmoney.com,"RSI(2)≤25 X6! || Today marks the sixth day in the row that the S&P 500’s RSI(2) value was under 25.* Since Jan 1 2000, this has happened only 15 times prior to today. So I thought it would be fun to see what the forward return has been after these events. Here’s a handy spreadsheet. I calculated the forward",1,0,2,0
Nights After 2 Unfilled Gaps Down,Overnight Edges,http://overnightedges.com/2594/nights-after-2-unfilled-gaps-down/,"4 Mar 2015, 10:12pm","The market is off to a rough start again today. ES has the potential to leave an unfilled gap down for the 2nd day in a row. This is a fairly rare thing to see happen, but is has often been followed by a gap up the next morning. This can be seen in the study below. 2015-03-04 image2 The stats here",overnightedges.com,"Nights After 2 Unfilled Gaps Down || The market is off to a rough start again today. ES has the potential to leave an unfilled gap down for the 2nd day in a row. This is a fairly rare thing to see happen, but is has often been followed by a gap up the next morning. This can be seen in the study below. 2015-03-04 image2 The stats here",1,0,2,0
RUT Iron Condor - Dynamic Exit - 38 DTE - 8 Delta,DTR Trading,http://dtr-trading.blogspot.com/2015/02/rut-iron-condor-dynamic-exit-38-dte-8.html,"4 Feb 2015, 03:29am","Starting with this post, and spanning the next seven or eight posts, I will show the backtest results for dynamic exits of 38 days-to-expiration (DTE) Iron Condors (IC), with different delta short strikes. In this post I wills show the results for the 8 delta short strike 38 DTE versions. For some",dtr-trading.blogspot.com,"RUT Iron Condor - Dynamic Exit - 38 DTE - 8 Delta || Starting with this post, and spanning the next seven or eight posts, I will show the backtest results for dynamic exits of 38 days-to-expiration (DTE) Iron Condors (IC), with different delta short strikes. In this post I wills show the results for the 8 delta short strike 38 DTE versions. For some",1,0,2,0
I Mastered Chaos Theory to Develop a 3.275 Sharpe FX Strategy,Paper to Profit,https://papertoprofit.substack.com/p/i-mastered-chaos-theory-to-develop,"21 Jul 2026, 07:59pm","Chaos theory is a fancy topic that alludes to a world almost as mystic and mysterious as quantum physics. Everyone has heard of it, but not many people really know what it means or how to use it. A Mandelbrot Set, or infinitely complex shape described by a simple formula, a classic example of chaos",papertoprofit.substack.com,"I Mastered Chaos Theory to Develop a 3.275 Sharpe FX Strategy || Chaos theory is a fancy topic that alludes to a world almost as mystic and mysterious as quantum physics. Everyone has heard of it, but not many people really know what it means or how to use it. A Mandelbrot Set, or infinitely complex shape described by a simple formula, a classic example of chaos",1,0,1,0
Testing an AI-Assisted Research Workflow for Multi-Asset Pullback Strategy Discovery,Quantpedia,https://quantpedia.com/testing-an-ai-assisted-research-workflow-for-multi-asset-pullback-strategy-discovery/?a=6080,"17 Jun 2026, 12:55pm","This study investigates short-term price reversals—temporary retracements following adverse daily returns—and develops a systematic trading framework to capture this effect across multiple asset classes. Using daily data from six liquid ETFs spanning equities, fixed income, currencies, gold, and",quantpedia.com,"Testing an AI-Assisted Research Workflow for Multi-Asset Pullback Strategy Discovery || This study investigates short-term price reversals—temporary retracements following adverse daily returns—and develops a systematic trading framework to capture this effect across multiple asset classes. Using daily data from six liquid ETFs spanning equities, fixed income, currencies, gold, and",1,0,1,0
Seasonality in Bitcoin Intraday Trend Trading,Concretum Group,https://concretumgroup.com/seasonality-in-bitcoin-intraday-trend-trading/,"1 Feb 2026, 07:54am","As our readers are aware, futures trend trading, particularly at higher frequencies, represents a core area of Concretum’s expertise, with a meaningful share of our trading risk allocated to this family of models. Over recent years, we have also published several papers presenting simple and",concretumgroup.com,"Seasonality in Bitcoin Intraday Trend Trading || As our readers are aware, futures trend trading, particularly at higher frequencies, represents a core area of Concretum’s expertise, with a meaningful share of our trading risk allocated to this family of models. Over recent years, we have also published several papers presenting simple and",1,0,1,0
The Reversal Tendency of Labor Day Week,Quantifiable Edges,https://quantifiableedges.com/the-reversal-tendency-of-labor-day-week/,"1 Sep 2025, 05:56pm","In the subscriber letter over the last several years I have demonstrated that the performance during the week of Labor Day has been impacted by the performance in the month leading up to it. Interestingly, is has been somewhat of a momentum reversal week. When SPX has rallied up to Labor Day, then",quantifiableedges.com,"The Reversal Tendency of Labor Day Week || In the subscriber letter over the last several years I have demonstrated that the performance during the week of Labor Day has been impacted by the performance in the month leading up to it. Interestingly, is has been somewhat of a momentum reversal week. When SPX has rallied up to Labor Day, then",1,0,1,0
Testing 87 Different Stop Loss Strategies,Paper to Profit,https://papertoprofit.substack.com/p/i-tested-87-different-stop-loss-strategies,"3 Jul 2025, 03:08am","Stop losses are a way of life for a trader. They are often ‘do or die’ in situations of intraday and leverage trading. However, we think that the ‘gold standard’ is the average trailing stop. Maybe we add an ATR band to it if we are feeling fancy. But the reality is that there are much more",papertoprofit.substack.com,"Testing 87 Different Stop Loss Strategies || Stop losses are a way of life for a trader. They are often ‘do or die’ in situations of intraday and leverage trading. However, we think that the ‘gold standard’ is the average trailing stop. Maybe we add an ATR band to it if we are feeling fancy. But the reality is that there are much more",1,0,1,0
97 Years of Death Crosses,Quantifiable Edges,https://quantifiableedges.com/97-years-of-death-crosses/,"15 Apr 2025, 09:59pm","The SPX is going to experience a Death Cross today at the close. I’ve written many times in the past about “Death Crosses”. A Death Cross is when the 50ma crosses below the 200ma. It is confirmation of a downtrend. Some people view it as a bearish signal. As you’ll see, it is not a great",quantifiableedges.com,"97 Years of Death Crosses || The SPX is going to experience a Death Cross today at the close. I’ve written many times in the past about “Death Crosses”. A Death Cross is when the 50ma crosses below the 200ma. It is confirmation of a downtrend. Some people view it as a bearish signal. As you’ll see, it is not a great",1,0,1,0
Crypto Perpetual Contract Pair Trading,Quant Insti,https://blog.quantinsti.com/crypto-perpetual-contract-pair-trading-project-rong-fan/,"30 May 2024, 04:32am","Statistical arbitrage is a classic quantitative trading strategy, and pairs trading is one of them. Digital currency perpetual contracts are non-delivery perpetual futures. This project describes using data from the Binance exchange to find perpetual contract pairs whose pairing spreads conform to",blog.quantinsti.com,"Crypto Perpetual Contract Pair Trading || Statistical arbitrage is a classic quantitative trading strategy, and pairs trading is one of them. Digital currency perpetual contracts are non-delivery perpetual futures. This project describes using data from the Binance exchange to find perpetual contract pairs whose pairing spreads conform to",1,0,1,0
An Exponenetially Weighted Covariance Matrix in R,Robot Wealth,https://robotwealth.com/an-expenonetially-weighted-covariance-matrix-in-r/,"12 Nov 2023, 07:02am","Exponential weighting schemes can help navigate the trade-off between responsiveness and stability of the inherently noisy estimates we make from market data. We previously saw examples of calculating the exponentially weighted moving average of a vector, and estimating the correlation between SPY",robotwealth.com,"An Exponenetially Weighted Covariance Matrix in R || Exponential weighting schemes can help navigate the trade-off between responsiveness and stability of the inherently noisy estimates we make from market data. We previously saw examples of calculating the exponentially weighted moving average of a vector, and estimating the correlation between SPY",1,0,1,0
Terms of trade as FX trading signal,SR SV,https://research.macrosynergy.com/commodity-terms-of-trade/,"10 Apr 2023, 10:06pm","All other things equal, an improvement in a country’s terms of trade, the ratio of export to import prices, translates into increased demand for its currency and a boost for its growth outlook. However, terms of trade are a rather subtle and sporadic influence. Therefore, many market participants",research.macrosynergy.com,"Terms of trade as FX trading signal || All other things equal, an improvement in a country’s terms of trade, the ratio of export to import prices, translates into increased demand for its currency and a boost for its growth outlook. However, terms of trade are a rather subtle and sporadic influence. Therefore, many market participants",1,0,1,0
The Hard-Knock Life of Short Sellers,Finominal,https://insights.finominal.com/research-the-hard-knock-life-of-short-sellers/,"23 Feb 2023, 07:46am","Short-biased hedge funds provided negative S&P 500 beta until 2011 Thereafter returns became less negatively correlated, but worsened The strategy has generated limited diversification benefits for investors INTRODUCTION Running a hedge fund is tough, but some types are tougher to manage than",insights.finominal.com,"The Hard-Knock Life of Short Sellers || Short-biased hedge funds provided negative S&P 500 beta until 2011 Thereafter returns became less negatively correlated, but worsened The strategy has generated limited diversification benefits for investors INTRODUCTION Running a hedge fund is tough, but some types are tougher to manage than",1,0,1,0
Serverless architecture for crypto trading,Gautier Marti,https://gmarti.gitlab.io//aws/2022/12/17/s3-lambda-rds-aurora-serverless.html,"18 Dec 2022, 10:29pm","I recently asked on LinkedIn about advice and opinions on infrastructure for collecting, storing, processing, and storing back derived data (features, signals) for some simple mid freq / stat arb trading strategies. I did not expect to receive so much feedback about infrastructure for trading data",gmarti.gitlab.io,"Serverless architecture for crypto trading || I recently asked on LinkedIn about advice and opinions on infrastructure for collecting, storing, processing, and storing back derived data (features, signals) for some simple mid freq / stat arb trading strategies. I did not expect to receive so much feedback about infrastructure for trading data",1,0,1,0
Is the Carry Trade a Diversifying Strategy?,Finominal,https://insights.finominal.com/research-is-the-carry-trade-a-diversifying-strategy/,"17 Oct 2022, 11:00am","The carry trade was positive across most asset classes in YTD 2022 The correlations to the S&P 500 were low historically However, the carry trade crashed when stocks crashed, ie provided limited diversification benefits INTRODUCTION After a few years in unchartered territories, most bonds have",insights.finominal.com,"Is the Carry Trade a Diversifying Strategy? || The carry trade was positive across most asset classes in YTD 2022 The correlations to the S&P 500 were low historically However, the carry trade crashed when stocks crashed, ie provided limited diversification benefits INTRODUCTION After a few years in unchartered territories, most bonds have",1,0,1,0
Optimize Your Trading Strategy With Python And The Kelly Criterion,Raposa Trade,https://raposa.trade/blog/optimize-your-trading-strategy-with-python-and-the-kelly-criterion/,"4 Apr 2022, 11:48pm","Retail traders almost always have small trading accounts. To get the returns they're after, traders frequently take on leverage - often times imprudent amounts in highly levered FOREX accounts that can be levered 50-100x! Retail equity brokers are a bit more conservative with maximum leverage",raposa.trade,"Optimize Your Trading Strategy With Python And The Kelly Criterion || Retail traders almost always have small trading accounts. To get the returns they're after, traders frequently take on leverage - often times imprudent amounts in highly levered FOREX accounts that can be levered 50-100x! Retail equity brokers are a bit more conservative with maximum leverage",1,0,1,0
Trend-following and Mean-reversion in Bitcoin,Quantpedia,https://quantpedia.com/trend-following-and-mean-reversion-in-bitcoin/?a=6080,"15 Mar 2022, 08:52pm","Indisputably, trend-following and mean-reversion are two key concepts in quantitative investing or technical analysis. The trend-following proponents suggest a performance continuation and that assets that have performed well will continue to do so. In other words, the trend-following strategies are",quantpedia.com,"Trend-following and Mean-reversion in Bitcoin || Indisputably, trend-following and mean-reversion are two key concepts in quantitative investing or technical analysis. The trend-following proponents suggest a performance continuation and that assets that have performed well will continue to do so. In other words, the trend-following strategies are",1,0,1,0
Does the Equity Market Lead the Currency Market?,Factor Research,https://insights.factorresearch.com/research-does-the-equity-market-lead-the-currency-market/,"25 Oct 2021, 11:58am","Past equity market returns seem to predict currency returns Such a currency timing strategy may be interesting as a diversifier However, it is difficult to rationalize the results INTRODUCTION Bloomberg TV at 08:30 am EST: “The S&P 500 futures are trading lower as the US Dollar depreciated",insights.factorresearch.com,"Does the Equity Market Lead the Currency Market? || Past equity market returns seem to predict currency returns Such a currency timing strategy may be interesting as a diversifier However, it is difficult to rationalize the results INTRODUCTION Bloomberg TV at 08:30 am EST: “The S&P 500 futures are trading lower as the US Dollar depreciated",1,0,1,0
How To Be a Quant Trader - Experiments with @QuantConnect,Robot Wealth,https://robotwealth.com/how-to-be-a-quant-trader-experiments-with-quantconnect/?pa=CEFCE36499,"14 Jul 2020, 09:36am","This post presents an analysis of the SPY returns process using the QuantConnect research platform. QuantConnect is a strategy development platform that lets you research ideas, import data, create algorithms, and trade in the cloud, all in one place. For this research, I’ve used their online",robotwealth.com,"How To Be a Quant Trader - Experiments with @QuantConnect || This post presents an analysis of the SPY returns process using the QuantConnect research platform. QuantConnect is a strategy development platform that lets you research ideas, import data, create algorithms, and trade in the cloud, all in one place. For this research, I’ve used their online",1,0,1,0
"Value: Don't Call it a Comeback, it's Been Here for Years",Alpha Architect,https://alphaarchitect.com/2019/09/12/value-dont-call-it-a-comeback-its-been-here-for-years/,"12 Sep 2019, 07:21pm","Value and Momentum each had back to back extreme returns (five sigma) days on Monday, September 9th and Tuesday, September 10th. The Dow Jones Thematic Market Neutral Value Index (“Value”) started the week up 3.45%, its best day since inception on December 31st, 2001. The Value Index followed",alphaarchitect.com,"Value: Don't Call it a Comeback, it's Been Here for Years || Value and Momentum each had back to back extreme returns (five sigma) days on Monday, September 9th and Tuesday, September 10th. The Dow Jones Thematic Market Neutral Value Index (“Value”) started the week up 3.45%, its best day since inception on December 31st, 2001. The Value Index followed",1,0,1,0
The True Cost of Hedging S&P Downside,Movement Capital,https://movement.capital/the-true-cost-of-hedging-sp-downside/,"9 May 2019, 11:13pm","Hedging sounds like a smart thing to do. But has it actually worked? This post examines the historical costs and benefits of hedging stock exposure with SPY puts. Interest in hedging strategies tends to increase as market volatility rises. There are many ways to hedge, and a common method is to",movement.capital,"The True Cost of Hedging S&P Downside || Hedging sounds like a smart thing to do. But has it actually worked? This post examines the historical costs and benefits of hedging stock exposure with SPY puts. Interest in hedging strategies tends to increase as market volatility rises. There are many ways to hedge, and a common method is to",1,0,1,0
The Largest Cost Facing Investors Today,Two Centuries Investments,https://www.twocenturies.com/blog/2019/3/8/the-largest-cost-facing-investors-today,"11 Mar 2019, 10:59am","Alternative Title: The Gap Everywhere There exist many flavors of market timing. Some are obvious: In 1929, an influential businessman states that US Equities will return 24% per year for the next 20 years; or in 1999, a stock market forecaster predicts Dow Jones to double On dollar-weighted basis,",twocenturies.com,"The Largest Cost Facing Investors Today || Alternative Title: The Gap Everywhere There exist many flavors of market timing. Some are obvious: In 1929, an influential businessman states that US Equities will return 24% per year for the next 20 years; or in 1999, a stock market forecaster predicts Dow Jones to double On dollar-weighted basis,",1,0,1,0
Thanksgiving Week Seasonality – An Updated Look,Quantifiable Edges,http://quantifiableedges.com/thanksgiving-week-seasonality-an-updated-look/,"19 Nov 2018, 08:38am",The time around Thanksgiving has shown some strong tendencies over the years – both bullish and bearish. I have discussed them a number of times over the years. In the updated table below I show SPX performance results based on the day of the week around Thanksgiving. The bottom row is the Monday,quantifiableedges.com,Thanksgiving Week Seasonality – An Updated Look || The time around Thanksgiving has shown some strong tendencies over the years – both bullish and bearish. I have discussed them a number of times over the years. In the updated table below I show SPX performance results based on the day of the week around Thanksgiving. The bottom row is the Monday,1,0,1,0
Creating our own S&P 500 Momentum ETF,Quant Dare,https://quantdare.com/creating-our-own-momentum-etf/,"25 Oct 2018, 11:45pm","Smart Beta ETFs are achieving an increasing popularity, seen as the perfect equilibrium between passive investment and active management. But, what’s the difference between them and the traditional ones? Is it possible to create our own ETF with some previous experience and without assuming higher",quantdare.com,"Creating our own S&P 500 Momentum ETF || Smart Beta ETFs are achieving an increasing popularity, seen as the perfect equilibrium between passive investment and active management. But, what’s the difference between them and the traditional ones? Is it possible to create our own ETF with some previous experience and without assuming higher",1,0,1,0
What's in Your Benchmark?,Alpha Architect,https://alphaarchitect.com/2018/09/10/whats-in-your-benchmark/,"10 Sep 2018, 11:22am","This article examines the magnitude of exposures to a set of systematic factors present in widely accepted Benchmarks (S&P500, the Russells, and MSCI global indices) and how they change over time. The authors use conventional style factors of value, size, quality, momentum, and minimum",alphaarchitect.com,"What's in Your Benchmark? || This article examines the magnitude of exposures to a set of systematic factors present in widely accepted Benchmarks (S&P500, the Russells, and MSCI global indices) and how they change over time. The authors use conventional style factors of value, size, quality, momentum, and minimum",1,0,1,0
Double Gaps and Hens’ Teeth,Throwing Good Money,http://throwinggoodmoney.com/2018/07/double-gaps-and-hens-teeth/,"11 Jul 2018, 05:32am","I looked at the chart for SPY just now, and thought, “Huh…two days in a row that have gapped up. Wonder if that’s significant in any way?” By “gap,” I mean that today’s low was higher than yesterday’s high. When this happens two days in a row, does it mean we should use quintuple",throwinggoodmoney.com,"Double Gaps and Hens’ Teeth || I looked at the chart for SPY just now, and thought, “Huh…two days in a row that have gapped up. Wonder if that’s significant in any way?” By “gap,” I mean that today’s low was higher than yesterday’s high. When this happens two days in a row, does it mean we should use quintuple",1,0,1,0
The Strength Of Two Unfilled Up Gaps & A 50-Day High,Quantifiable Edges,http://quantifiableedges.com/the-strength-of-two-unfilled-up-gaps-a-50-day-high/,"5 Jun 2018, 09:23am",One interesting study that I discussed in last night’s subscriber letter considered the fact that SPY left an unfilled upside gap for the 2nd day in a row while closing at a 50-day high. The results table I shared can be found below. 2018-06-05 The size of the follow-through isn’t terribly,quantifiableedges.com,The Strength Of Two Unfilled Up Gaps & A 50-Day High || One interesting study that I discussed in last night’s subscriber letter considered the fact that SPY left an unfilled upside gap for the 2nd day in a row while closing at a 50-day high. The results table I shared can be found below. 2018-06-05 The size of the follow-through isn’t terribly,1,0,1,0
Three-day Pullback Pattern Into Turnaround Tuesday Potentially Bullish,Quantifiable Edges,http://quantifiableedges.com/three-day-pullback-pattern-into-turnaround-tuesday-potentially-bullish/,"24 Apr 2018, 12:15pm","SPY’s move lower over the last 3 days has set up a potential “Turnaround Tuesday” scenario. The fact that it made a lower high, lower low, and lower close for at least the 3rd day in a row triggered the following study. 2018-04-241 The numbers are impressive and the bounces couldn’t get much",quantifiableedges.com,"Three-day Pullback Pattern Into Turnaround Tuesday Potentially Bullish || SPY’s move lower over the last 3 days has set up a potential “Turnaround Tuesday” scenario. The fact that it made a lower high, lower low, and lower close for at least the 3rd day in a row triggered the following study. 2018-04-241 The numbers are impressive and the bounces couldn’t get much",1,0,1,0
A Scary Pattern,Quantifiable Edges,http://quantifiableedges.com/a-scary-pattern/,"13 Apr 2018, 12:43pm","Friday the 13th is upon us. Known for bad luck and horror movies, I decided to go back and see how SPX has performed on this day. What I found was scary… 2018-04-13 Good luck trading today!",quantifiableedges.com,"A Scary Pattern || Friday the 13th is upon us. Known for bad luck and horror movies, I decided to go back and see how SPX has performed on this day. What I found was scary… 2018-04-13 Good luck trading today!",1,0,1,0
Equity Curve Monte Carlo Analysis,Alvarez Quant Trading,http://alvarezquanttrading.com/blog/equity-curve-monte-carlo-analysis/,"24 Jan 2018, 03:01pm",Imagine the following. You spent time developing a strategy with a compounded annual return of 24% and max drawdown of 18%. Profitable 10 of the last 11 years. An average 21 day rolling correlation with the SPY of .20. Passes your out-of-sample testing. Passes your parameter sensitivity testing.,alvarezquanttrading.com,Equity Curve Monte Carlo Analysis || Imagine the following. You spent time developing a strategy with a compounded annual return of 24% and max drawdown of 18%. Profitable 10 of the last 11 years. An average 21 day rolling correlation with the SPY of .20. Passes your out-of-sample testing. Passes your parameter sensitivity testing.,1,0,1,0
State of Trend Following in November,Au Tra Sy,http://www.automated-trading-system.com/state-of-trend-following-in-november-4/,"10 Dec 2017, 09:49pm","November was down for the index, sitting just below the negative double-digit line before year-end. It looks like the State of TF will end in the red in 2017, unless a strong bitcoin-inspired December rally lifts the index back in the black. Please check below for more details. Detailed Results The",automated-trading-system.com,"State of Trend Following in November || November was down for the index, sitting just below the negative double-digit line before year-end. It looks like the State of TF will end in the red in 2017, unless a strong bitcoin-inspired December rally lifts the index back in the black. Please check below for more details. Detailed Results The",1,0,1,0
Replicating Indexes In R (Part III): Socially Responsible Investing,Capital Spectator,http://www.capitalspectator.com/replicating-indexes-in-r-part-iii-socially-responsible-investing/,"7 Nov 2017, 08:01am",In previous installments of replicating indexes I profiled the style-analysis methodology and presented an example using a hedge fund index. Now let’s turn to a strategy of replicating the S&P 500 Index with a handful of stocks that are considered socially responsible investments (SRI).,capitalspectator.com,Replicating Indexes In R (Part III): Socially Responsible Investing || In previous installments of replicating indexes I profiled the style-analysis methodology and presented an example using a hedge fund index. Now let’s turn to a strategy of replicating the S&P 500 Index with a handful of stocks that are considered socially responsible investments (SRI).,1,0,1,0
When Months Finish At A High,Quantifiable Edges,http://quantifiableedges.com/when-months-finish-at-a-high/,"2 Oct 2017, 11:48am",urn of the month will often trigger some seasonal studies. The study below looks at performance after times that SPY has closed a month at the highest closing price of the month. 2017-10-02 image1 The numbers across the board are fairly compelling. Trades may want to keep this in mind as we enter,quantifiableedges.com,When Months Finish At A High || urn of the month will often trigger some seasonal studies. The study below looks at performance after times that SPY has closed a month at the highest closing price of the month. 2017-10-02 image1 The numbers across the board are fairly compelling. Trades may want to keep this in mind as we enter,1,0,1,0
Time of Day effects in FX,Quant Journey,http://quantsjourney.blogspot.com/2017/09/time-of-day-effects-in-fx.html,"6 Sep 2017, 11:37am","Time of day is critical for trading, it is even possible building trading strategies solely depending on time of day (I will keep this for another post) I will be using the concept of quality and define a high quality market, from an intraday timing perspective, as a market when trading range and",quantsjourney.blogspot.com,"Time of Day effects in FX || Time of day is critical for trading, it is even possible building trading strategies solely depending on time of day (I will keep this for another post) I will be using the concept of quality and define a high quality market, from an intraday timing perspective, as a market when trading range and",1,0,1,0
Nervous About The Market? It Might Be Time for This Strategy,Meb Faber,http://mebfaber.com/2017/06/15/nervous-market-might-time-strategy/,"16 Jun 2017, 10:36am","When the tech bubble collapsed back in 2000, the Nasdaq fell from 5,132 to just 1,470 a few months later. Many popular stocks found their market prices gutted. For example, Cisco lost 86% of its market cap, while Amazon fell over 90% from $107 to $7. Losses such as these decimated investor",mebfaber.com,"Nervous About The Market? It Might Be Time for This Strategy || When the tech bubble collapsed back in 2000, the Nasdaq fell from 5,132 to just 1,470 a few months later. Many popular stocks found their market prices gutted. For example, Cisco lost 86% of its market cap, while Amazon fell over 90% from $107 to $7. Losses such as these decimated investor",1,0,1,0
A Curious Intraday Pattern in Brazilian Stock Index Futures,Quantogo,https://quantogo.com/2017/02/09/a-curious-intraday-pattern-in-the-brazilian-stock-index-future/,"9 Feb 2017, 08:33am","Since the first article of this blog (Technical Analysis for intraday stocks trading? FORGET IT!), i’m pointing to the fact that there is a lot of cross correlation between stocks and between stocks and the future index. That’s not new to anyone and even those who are starting at the",quantogo.com,"A Curious Intraday Pattern in Brazilian Stock Index Futures || Since the first article of this blog (Technical Analysis for intraday stocks trading? FORGET IT!), i’m pointing to the fact that there is a lot of cross correlation between stocks and between stocks and the future index. That’s not new to anyone and even those who are starting at the",1,0,1,0
Country ETF Rotation,Alvarez Quant Trading,http://alvarezquanttrading.com/2017/01/25/country-etf-rotation/,"26 Jan 2017, 11:19am",My recent research has been focused on finding strategies that are not highly correlated with the S&P500 index. One of my most popular posts is ETF Sector Rotation. The idea for this post is to apply those concepts to a list of country ETFs. Would this produce decent returns that were not highly,alvarezquanttrading.com,Country ETF Rotation || My recent research has been focused on finding strategies that are not highly correlated with the S&P500 index. One of my most popular posts is ETF Sector Rotation. The idea for this post is to apply those concepts to a list of country ETFs. Would this produce decent returns that were not highly,1,0,1,0
FX Market Pairs Trading Strategy,Quant Insti,https://www.quantinsti.com/blog/fx-market-pairs-trading-strategy/,"28 Nov 2016, 03:38pm",This article is the final project submitted by the author as a part of his coursework in Executive Programme in Algorithmic Trading (EPAT) at QuantInsti. Do check our Projects page and have a look at what our students are building. About the Author Harish Maranani did his Bachelors in Technology,quantinsti.com,FX Market Pairs Trading Strategy || This article is the final project submitted by the author as a part of his coursework in Executive Programme in Algorithmic Trading (EPAT) at QuantInsti. Do check our Projects page and have a look at what our students are building. About the Author Harish Maranani did his Bachelors in Technology,1,0,1,0
A simple statistical edge in SPY,Trading with Python,http://tradingwithpython.blogspot.com/2016/02/a-simple-statistical-edge-in-spy.html,"20 Feb 2016, 01:35pm","I've recently read a great post by the turinginance blog on how to be a quant. In short, it describes a scientific approach to developing trading strategies. For me personally, observing data, thinking with models and forming hypothesis is a second nature, as it should be for any good engineer.",tradingwithpython.blogspot.com,"A simple statistical edge in SPY || I've recently read a great post by the turinginance blog on how to be a quant. In short, it describes a scientific approach to developing trading strategies. For me personally, observing data, thinking with models and forming hypothesis is a second nature, as it should be for any good engineer.",1,0,1,0
Fitting time series models to the forex market: are ARIMA/GARCH predictions profitable?,Robot Wealth,http://robotwealth.com/fitting-time-series-models-to-the-forex-market-are-arimagarch-predictions-profitable/,"4 Feb 2016, 10:48pm","Recently, I wrote about fitting mean-reversion time series models to financial data and using the models’ predictions as the basis of a trading strategy. Continuing my exploration of time series modelling, I decided to research the autoregressive and conditionally heteroskedastic family of time",robotwealth.com,"Fitting time series models to the forex market: are ARIMA/GARCH predictions profitable? || Recently, I wrote about fitting mean-reversion time series models to financial data and using the models’ predictions as the basis of a trading strategy. Continuing my exploration of time series modelling, I decided to research the autoregressive and conditionally heteroskedastic family of time",1,0,1,0
"Autoregressive Moving Average ARMA(p, q) Models for Time Series Analysis - Part 1",Quant Start,https://www.quantstart.com/articles/Autoregressive-Moving-Average-ARMA-p-q-Models-for-Time-Series-Analysis-Part-1,"17 Aug 2015, 08:37pm","In the last article we looked at random walks and white noise as basic time series models for certain financial instruments, such as daily equity and equity index prices. We found that in some cases a random walk model was insufficient to capture the full autocorrelation behaviour of the instrument,",quantstart.com,"Autoregressive Moving Average ARMA(p, q) Models for Time Series Analysis - Part 1 || In the last article we looked at random walks and white noise as basic time series models for certain financial instruments, such as daily equity and equity index prices. We found that in some cases a random walk model was insufficient to capture the full autocorrelation behaviour of the instrument,",1,0,1,0
Did Ben Graham Value Investing Work in the Recent Bull Market?,Alpha Architect,http://blog.alphaarchitect.com/2015/06/02/does-ben-graham-value-investing-work-in-the-recent-bull-market/,"2 Jun 2015, 02:11pm","Forbes outlines one of Ben Graham’s basic value investment strategies and analyzes how it has performed from 1949 through 2012. Even with all of the fiscal cliff and European debt drama in 2012, the Graham-based portfolio has had a particularly good year. While the S&P 500 has notched a solid",blog.alphaarchitect.com,"Did Ben Graham Value Investing Work in the Recent Bull Market? || Forbes outlines one of Ben Graham’s basic value investment strategies and analyzes how it has performed from 1949 through 2012. Even with all of the fiscal cliff and European debt drama in 2012, the Graham-based portfolio has had a particularly good year. While the S&P 500 has notched a solid",1,0,1,0
New related paper to #5 - FX Carry Trade,Quantpedia,http://quantpedia.com/Blog/Details/new-related-paper-to-5-fx-carry-trade?a=6080,"17 Apr 2015, 10:06pm",Investors based in different countries earn different returns on same strategies because the same risks covary differently with countries' stochastic discount factors (SDFs). We document that investors in low-interest-rate countries earn more than those in high-interest-rate countries on,quantpedia.com,New related paper to #5 - FX Carry Trade || Investors based in different countries earn different returns on same strategies because the same risks covary differently with countries' stochastic discount factors (SDFs). We document that investors in low-interest-rate countries earn more than those in high-interest-rate countries on,1,0,1,0
Some Seasonal Strength Could Help Today,Quantifiable Edges,http://feedproxy.google.com/~r/quantifiableedges/blog/~3/lDJUqiClHvo/,"16 Apr 2015, 08:54am","While most people are not fond of tax day in the US, it has historically seen strong inflows into IRA’s and hence the stock market. This has set up the day after tax day as a strong day for the market. Below is a look at how SPX has done since 1981 on tax day. The numbers are all impressive. They",feedproxy.google.com,"Some Seasonal Strength Could Help Today || While most people are not fond of tax day in the US, it has historically seen strong inflows into IRA’s and hence the stock market. This has set up the day after tax day as a strong day for the market. Below is a look at how SPX has done since 1981 on tax day. The numbers are all impressive. They",1,0,1,0
Monday When The Good Friday Employment Report Has Gone Bad,Quantifiable Edges,http://feedproxy.google.com/~r/quantifiableedges/blog/~3/xQDxXEJvlPo/,"6 Apr 2015, 08:34am",The employment report was released at 8:30am on Friday and the reaction in the futures was not good. ES sold down over 20 points in the next 45 minutes before closing for the day. As of Monday morning it has not bounced much. So it appears we are about to see a sizable gap lower.. Since inception of,feedproxy.google.com,Monday When The Good Friday Employment Report Has Gone Bad || The employment report was released at 8:30am on Friday and the reaction in the futures was not good. ES sold down over 20 points in the next 45 minutes before closing for the day. As of Monday morning it has not bounced much. So it appears we are about to see a sizable gap lower.. Since inception of,1,0,1,0
Stock Returns Around Easter,CXO Advisory,http://feedproxy.google.com/~r/cxo/~3/QdaQX5FYogU/,"30 Mar 2015, 12:00pm","Does the seasonal change marked by the Easter holiday, with the U.S. stock market closed on the preceding Good Friday, tend to produce anomalous returns? To investigate, we analyze the historical behavior of the S&P 500 Index before and after the holiday. Using daily closing levels of the",feedproxy.google.com,"Stock Returns Around Easter || Does the seasonal change marked by the Easter holiday, with the U.S. stock market closed on the preceding Good Friday, tend to produce anomalous returns? To investigate, we analyze the historical behavior of the S&P 500 Index before and after the holiday. Using daily closing levels of the",1,0,1,0
What Happens After A Big Down Day Between Christmas & New Years,Quantifiable Edges,http://feedproxy.google.com/~r/quantifiableedges/blog/~3/n4JcIA28hto/,"2 Jan 2015, 02:48am","As I discussed last week, the time between Christmas and New Year’s tends to be a very strong seasonal period. (And even through the 1st or 2nd trading day in January). Wednesday was only the 11th time since 1960 that SPX fell greater than 1% on a day during this week.",feedproxy.google.com,"What Happens After A Big Down Day Between Christmas & New Years || As I discussed last week, the time between Christmas and New Year’s tends to be a very strong seasonal period. (And even through the 1st or 2nd trading day in January). Wednesday was only the 11th time since 1960 that SPX fell greater than 1% on a day during this week.",1,0,1,0
